Name,Profession,Subject,Experience,Geography
Dr. Amit Sharma,Professor,Data Science,29 years,Mumbai
Dr. Neha Gupta,Professor,Biology,5 years,Hyderabad
Dr. Rakesh Jain,Professor,Chemistry,24 years,Aurangabad
Dr. Priya Mehta,Professor,Chemistry,40 years,Lucknow
Dr. Sanjay Kumar,Professor,Physics,26 years,Ahmedabad
Dr. Anjali Singh,Professor,Economics,12 years,Delhi
Dr. Ravi Patel,Professor,Chemistry,7 years,Ghaziabad
Dr. Suresh Bhat,Professor,Data Science,10 years,Gurgaon
Dr. Rekha Menon,Professor,Physics,15 years,Delhi
Dr. Kiran Rao,Professor,Coding,34 years,Aurangabad
Dr. Arvind Nair,Professor,Coding,30 years,Coimbatore
Dr. Sunita Thakur,Professor,Coding,15 years,Meerut
Dr. Rajesh Joshi,Professor,History,33 years,Pune
Dr. Meenakshi Das,Professor,Chemistry,29 years,Mysore
Dr. Alok Mishra,Professor,Chemistry,32 years,Pune
Dr. Jyoti Deshmukh,Professor,Data Science,11 years,Gurgaon
Dr. Abhishek Anand,Professor,Data Science,9 years,Aurangabad
Dr. Shalini Pandey,Professor,Economics,13 years,Bangalore
Dr. Vikram Sinha,Professor,Chemistry,7 years,Nagpur
Dr. Pooja Ghosh,Professor,Data Science,19 years,Surat
Dr. Varun Gupta,Professor,Biology,9 years,Delhi
Dr. Sneha Roy,Professor,Data Science,8 years,Hyderabad
Dr. Manish Sharma,Professor,Coding,4 years,Surat
Dr. Kavita Reddy,Professor,Physics,15 years,Kanpur
Dr. Anil Kumar,Professor,Biology,13 years,Indore
Dr. Sujata Das,Professor,Coding,37 years,Chandigarh
Dr. Nitin Verma,Professor,Biology,23 years,Bhopal
Dr. Bhavana Joshi,Professor,Science,40 years,Ludhiana
Dr. Chandra Shekhar,Professor,Python,34 years,Ludhiana
Dr. Ruchi Saxena,Professor,Economics,39 years,Indore
Dr. Mohan Lal,Professor,Science,20 years,Patna
Dr. Aarti Patel,Professor,Chemistry,3 years,Mumbai
Dr. Naveen Agarwal,Professor,History,37 years,Chennai
Dr. Indu Singh,Professor,Python,40 years,Kolkata
Dr. Gopal Sharma,Professor,Physics,1 years,Vadodara
Dr. Payal Shah,Professor,Data Science,8 years,Aurangabad
Dr. Hitesh Malhotra,Professor,Python,14 years,Kanpur
Dr. Anita Sharma,Professor,Chemistry,33 years,Ludhiana
Dr. Vishal Raj,Professor,Mathematics,24 years,Nagpur
Dr. Sameer Desai,Professor,Coding,19 years,Jaipur
Dr. Kirti Kulkarni,Professor,History,33 years,Chennai
Dr. Pradeep Choudhary,Professor,Coding,14 years,Surat
Dr. Swati Agarwal,Professor,Economics,4 years,Mumbai
Dr. Rajeev Singh,Professor,Python,39 years,Vadodara
Dr. Archana Jain,Professor,Science,15 years,Ahmedabad
Dr. Himanshu Kumar,Professor,Chemistry,24 years,Aurangabad
Dr. Nisha Rao,Professor,Economics,19 years,Delhi
Dr. Ashok Mehta,Professor,Coding,30 years,Ghaziabad
Dr. Divya Agarwal,Professor,History,7 years,Agra
Dr. Vikas Gupta,Professor,Science,16 years,Kanpur
Dr. Tarun Sharma,Professor,History,7 years,Surat
Dr. Veena Iyer,Professor,Python,1 years,Vadodara
Dr. Mahesh Reddy,Professor,History,15 years,Chandigarh
Dr. Smita Pandey,Professor,Chemistry,25 years,Ahmedabad
Dr. Kunal Chopra,Professor,Chemistry,18 years,Rajkot
Dr. Gayatri Verma,Professor,Coding,12 years,Surat
Dr. Raghav Rao,Professor,Biology,15 years,Coimbatore
Dr. Vandana Singh,Professor,Mathematics,26 years,Lucknow
Dr. Vinay Kumar,Professor,Mathematics,6 years,Ghaziabad
Dr. Parul Sharma,Professor,Biology,27 years,Jaipur
Dr. Amit Sharma,Professor,Chemistry,3 years,New York
Dr. Neha Gupta,Professor,Economics,25 years,Ottawa
Dr. Rakesh Jain,Professor,Python,10 years,Kitchener
Dr. Priya Mehta,Professor,Python,16 years,Melbourne
Dr. Sanjay Kumar,Professor,Science,2 years,Winnipeg
Dr. Anjali Singh,Professor,Data Science,36 years,Philadelphia
Dr. Ravi Patel,Professor,History,5 years,Philadelphia
Dr. Suresh Bhat,Professor,Biology,22 years,Philadelphia
Dr. Rekha Menon,Professor,Physics,33 years,Montreal
Dr. Kiran Rao,Professor,Chemistry,6 years,Gold Coast
Dr. Arvind Nair,Professor,History,6 years,Melbourne
Dr. Sunita Thakur,Professor,Coding,8 years,Canberra
Dr. Rajesh Joshi,Professor,Coding,19 years,Calgary
Dr. Meenakshi Das,Professor,Economics,12 years,Chicago
Dr. Alok Mishra,Professor,Python,32 years,Perth
Dr. Jyoti Deshmukh,Professor,Mathematics,36 years,Vancouver
Dr. Abhishek Anand,Professor,Science,24 years,Houston
Dr. Shalini Pandey,Professor,Science,2 years,Newcastle
Dr. Vikram Sinha,Professor,Economics,3 years,Phoenix
Dr. Pooja Ghosh,Professor,Chemistry,23 years,Winnipeg
Dr. Varun Gupta,Professor,Science,3 years,Perth
Dr. Sneha Roy,Professor,Physics,38 years,Hamilton
Dr. Manish Sharma,Professor,History,38 years,Newcastle
Dr. Kavita Reddy,Professor,Chemistry,32 years,Dallas
Dr. Anil Kumar,Professor,Economics,32 years,Quebec City
Dr. Sujata Das,Professor,Science,38 years,Winnipeg
Dr. Nitin Verma,Professor,History,31 years,Phoenix
Dr. Bhavana Joshi,Professor,Physics,23 years,San Jose
Dr. Chandra Shekhar,Professor,Mathematics,16 years,San Diego
Dr. Ruchi Saxena,Professor,Biology,4 years,Wollongong
Dr. Mohan Lal,Professor,Chemistry,6 years,Calgary
Dr. Aarti Patel,Professor,Physics,1 years,Wollongong
Dr. Naveen Agarwal,Professor,Coding,33 years,Winnipeg
Dr. Indu Singh,Professor,History,22 years,Phoenix
Dr. Gopal Sharma,Professor,Chemistry,17 years,Phoenix
Dr. Payal Shah,Professor,Economics,32 years,Quebec City
Dr. Hitesh Malhotra,Professor,Python,32 years,Canberra
Dr. Anita Sharma,Professor,Biology,4 years,Philadelphia
Dr. Vishal Raj,Professor,Biology,27 years,Ottawa
Dr. Sameer Desai,Professor,History,26 years,Chicago
Dr. Kirti Kulkarni,Professor,Coding,20 years,Winnipeg
Dr. Pradeep Choudhary,Professor,Mathematics,15 years,Philadelphia
Dr. Swati Agarwal,Professor,Data Science,10 years,Adelaide
Dr. Rajeev Singh,Professor,Biology,32 years,Montreal
Dr. Archana Jain,Professor,Coding,2 years,Melbourne
Dr. Himanshu Kumar,Professor,Chemistry,10 years,Wollongong
Dr. Nisha Rao,Professor,Biology,26 years,Calgary
Dr. Ashok Mehta,Professor,Data Science,22 years,Edmonton
Dr. Divya Agarwal,Professor,Data Science,38 years,Newcastle
Dr. Vikas Gupta,Professor,Coding,27 years,Adelaide
Dr. Tarun Sharma,Professor,Physics,32 years,Canberra
Dr. Veena Iyer,Professor,Science,28 years,Canberra
Dr. Mahesh Reddy,Professor,Physics,3 years,Montreal
Dr. Smita Pandey,Professor,Data Science,37 years,Winnipeg
Dr. Kunal Chopra,Professor,Python,37 years,Newcastle
Dr. Gayatri Verma,Professor,Coding,33 years,Phoenix
Dr. Raghav Rao,Professor,Chemistry,20 years,Dallas
Dr. Vandana Singh,Professor,History,4 years,Newcastle
Dr. Vinay Kumar,Professor,Biology,1 years,Perth
Dr. Parul Sharma,Professor,Coding,9 years,New York
Dr. Rekha Menon,Professor,Physics,15 years,Delhi
Dr. Kiran Rao,Professor,Coding,34 years,Aurangabad
Dr. Arvind Nair,Professor,Coding,30 years,Coimbatore
Dr. Sunita Thakur,Professor,Coding,15 years,Meerut
Dr. Rajesh Joshi,Professor,History,33 years,Pune
Dr. Meenakshi Das,Professor,Chemistry,29 years,Mysore
Dr. John Smith,Career Counselor,Job Search,20 years,New York
Dr. Emily Brown,Career Coach,Interview Preparation,18 years,London
Dr. Mark Wilson,Career Planner,Career Planning,22 years,Sydney
Dr. Anna Lee,Personal Development Coach,Time Management,15 years,Toronto
Dr. Luis Garcia,Personal Development Coach,Stress Management,25 years,Madrid
Dr. Sophie Martin,Career Advisor,Goal Setting,17 years,Paris
Dr. Maria Rossi,Professor,Data Science,10 years,Rome
Dr. Daniel Kim,Professor,Coding,12 years,Seoul
Dr. Cheng Wei,Professor,Chemistry,19 years,Beijing
Dr. Hiroshi Tanaka,Professor,Physics,21 years,Tokyo
Dr. Sarah White,Career Guidance,Job Search,14 years,San Francisco
Dr. Peter Adams,Career Guidance,Interview Preparation,13 years,Chicago
Dr. Laura Thompson,Career Development,Time Management,16 years,Boston
Dr. Michelle Clark,Career Development,Stress Management,20 years,Los Angeles
Dr. Kevin Harris,Career Coaching,Goal Setting,18 years,Seattle
Dr. Alice Morgan,Professor,Data Science,9 years,Miami
Dr. Bruno Silva,Professor,Coding,15 years,São Paulo
Dr. Clara Torres,Professor,Chemistry,22 years,Barcelona
Dr. Dinesh Pillai,Professor,Physics,28 years,Chennai
Dr. Eve Robinson,Professor,Biology,11 years,Melbourne
Dr. Frank Lee,Professor,Economics,14 years,Hong Kong
Dr. Gloria Diaz,Professor,Data Science,20 years,Manila
Dr. Haruto Saito,Professor,Coding,19 years,Kyoto
Dr. Irene Nowak,Professor,Chemistry,17 years,Berlin
Dr. Jack Thompson,Professor,Physics,16 years,Dallas
Dr. Karen Wang,Professor,Biology,8 years,Singapore
Dr. Liam O'Reilly,Professor,Economics,25 years,Dublin
Dr. Maya Patel,Professor,Data Science,12 years,Bangalore
Dr. Nabil Fadl,Professor,Coding,18 years,Cairo
Dr. Olga Ivanova,Professor,Chemistry,23 years,Moscow
Dr. Paolo Ricci,Professor,Physics,15 years,Milan
Dr. Quinn Baker,Professor,Biology,6 years,Toronto
Dr. Rina Matsumoto,Professor,Economics,10 years,Osaka
Dr. Sanjeev Roy,Professor,Data Science,27 years,Delhi
Dr. Tanya Grimes,Professor,Coding,22 years,Johannesburg
Dr. Usman Farooq,Professor,Chemistry,13 years,Karachi
Dr. Valerie Brooks,Professor,Physics,30 years,San Diego
Dr. William Brown,Professor,Biology,7 years,Edinburgh
Dr. Xinyi Zhang,Professor,Economics,21 years,Shanghai
Dr. Yara Khalil,Professor,Data Science,16 years,Doha
Dr. Zane Carter,Professor,Coding,20 years,Vancouver
Dr. Alan Young,Personal Development Coach,Time Management,10 years,Sydney
Dr. Bianca Clark,Career Advisor,Goal Setting,15 years,London
Dr. Carl Harris,Career Planner,Career Planning,20 years,San Francisco
Dr. Dina White,Career Counselor,Job Search,18 years,Chicago
Dr. Eric Adams,Career Coach,Interview Preparation,22 years,Boston
Dr. Fiona Lee,Personal Development Coach,Stress Management,25 years,Los Angeles
Dr. George Kim,Career Advisor,Goal Setting,19 years,Miami
Dr. Hannah Brown,Personal Development Coach,Time Management,12 years,New York
Dr. Ian Smith,Career Planner,Career Planning,17 years,Toronto
Dr. Jessica Garcia,Career Counselor,Job Search,21 years,Paris
Dr. Kyle Johnson,Career Coach,Interview Preparation,14 years,Seattle
Dr. Linda Martinez,Personal Development Coach,Stress Management,18 years,Madrid
Dr. Michael Robinson,Career Advisor,Goal Setting,23 years,Rome
Dr. Natalie King,Personal Development Coach,Time Management,20 years,Singapore
Dr. Olivia Lewis,Career Planner,Career Planning,15 years,Melbourne
Dr. Patrick Allen,Career Counselor,Job Search,16 years,Hong Kong
Dr. Rachel Turner,Career Coach,Interview Preparation,19 years,Delhi
Dr. Sam Walker,Personal Development Coach,Stress Management,22 years,Tokyo
Dr. Tina Perez,Career Advisor,Goal Setting,24 years,Milan
Dr. Uma Patel,Personal Development Coach,Time Management,13 years,Shanghai
Dr. Victor Evans,Career Planner,Career Planning,11 years,Dublin
Dr. Wendy Scott,Career Counselor,Job Search,10 years,Doha
Dr. Xavier Harris,Career Coach,Interview Preparation,20 years,São Paulo
Dr. Yasmine Brown,Personal Development Coach,Stress Management,21 years,Kyoto
Dr. Zachary Lee,Career Advisor,Goal Setting,26 years,Edinburgh
Dr. Aisha Williams,Career Planner,Career Planning,23 years,Cairo
Dr. Brian Young,Career Counselor,Job Search,19 years,Moscow
Dr. Chloe Green,Career Coach,Interview Preparation,17 years,Berlin
Dr. Derek Adams,Personal Development Coach,Stress Management,14 years,Vancouver
Dr. Elena Wright,Career Advisor,Goal Setting,25 years,San Diego
Dr. Frank Thompson,Career Planner,Career Planning,20 years,Dallas
Dr. Grace Collins,Career Counselor,Job Search,15 years,Singapore
Dr. Henry Morgan,Career Coach,Interview Preparation,18 years,Melbourne
Dr. Isla Carter,Personal Development Coach,Stress Management,19 years,Hong Kong
Dr. Jack Garcia,Career Advisor,Goal Setting,22 years,Manila
Dr. Karen Johnson,Career Planner,Career Planning,24 years,Kyoto
Dr. Liam Robinson,Career Counselor,Job Search,21 years,Madrid
Dr. Mia Lewis,Career Coach,Interview Preparation,26 years,Toronto
Dr. Noah Brown,Personal Development Coach,Stress Management,20 years,Boston
Dr. Olivia Wilson,Career Advisor,Goal Setting,17 years,New York
Dr. Paul Lee,Career Planner,Career Planning,19 years,London
Dr. Quinn Martin,Career Counselor,Job Search,14 years,Paris
Dr. Rachel Harris,Career Coach,Interview Preparation,13 years,Sydney
Dr. Sam Collins,Personal Development Coach,Stress Management,15 years,São Paulo
Dr. Tina Green,Career Advisor,Goal Setting,18 years,Shanghai
Dr. Uma Walker,Career Planner,Career Planning,20 years,Edinburgh
Dr. Victor Martinez,Career Counselor,Job Search,16 years,Milan
Dr. Wendy Young,Career Coach,Interview Preparation,22 years,Seoul
Dr. Xavier Scott,Personal Development Coach,Stress Management,23 years,Dublin
Dr. Yasmine Adams,Career Advisor,Goal Setting,24 years,Doha
Dr. Zachary Brown,Career Planner,Career Planning,25 years,Cairo
Dr. Aisha Carter,Career Counselor,Job Search,13 years,New York
Dr. Brian Johnson,Career Coach,Interview Preparation,21 years,London
Dr. Chloe Walker,Personal Development Coach,Stress Management,18 years,Paris
Dr. Derek Green,Career Advisor,Goal Setting,22 years,Toronto
Dr. Elena Garcia,Career Planner,Career Planning,15 years,São Paulo
Dr. Frank Harris,Career Counselor,Job Search,20 years,Kyoto
Dr. Grace Adams,Career Coach,Interview Preparation,14 years,Edinburgh
Dr. Henry Collins,Personal Development Coach,Stress Management,19 years,San Diego
Dr. Isla Wilson,Career Advisor,Goal Setting,25 years,Dallas
Dr. Jack Johnson,Career Planner,Career Planning,21 years,Singapore
Dr. Karen Brown,Career Counselor,Job Search,24 years,Melbourne
Dr. Liam Green,Career Coach,Interview Preparation,17 years,Hong Kong
Dr. Mia Robinson,Personal Development Coach,Stress Management,12 years,Manila
Dr. Noah Walker,Career Advisor,Goal Setting,20 years,Kyoto
Dr. Olivia Collins,Career Planner,Career Planning,18 years,Madrid
Dr. Paul Harris,Career Counselor,Job Search,16 years,Toronto
Dr. Quinn Young,Career Coach,Interview Preparation,19 years,Boston
Dr. Rachel Green,Personal Development Coach,Stress Management,23 years,New York
Dr. Sam Johnson,Career Advisor,Goal Setting,14 years,London
Dr. Tina Adams,Career Planner,Career Planning,22 years,Paris
Dr. Uma Brown,Career Counselor,Job Search,18 years,Sydney
Dr. Victor Collins,Career Coach,Interview Preparation,20 years,São Paulo
Dr. Wendy Walker,Personal Development Coach,Stress Management,21 years,Shanghai
Dr. Xavier Green,Career Advisor,Goal Setting,26 years,Edinburgh
Dr. Yasmine Johnson,Career Planner,Career Planning,17 years,Milan
Dr. Zachary Wilson,Career Counselor,Job Search,12 years,Seoul
Dr. Aisha Adams,Career Coach,Interview Preparation,19 years,Dublin
Dr. Brian Walker,Personal Development Coach,Stress Management,18 years,Doha
Dr. Chloe Collins,Career Advisor,Goal Setting,21 years,Cairo
Dr. Derek Harris,Career Planner,Career Planning,23 years,Moscow
Dr. Elena Brown,Career Counselor,Job Search,16 years,Berlin
Dr. Frank Wilson,Career Coach,Interview Preparation,22 years,Vancouver
Dr. Grace Johnson,Personal Development Coach,Stress Management,15 years,San Diego
Dr. Henry Green,Career Advisor,Goal Setting,19 years,Dallas
Dr. Isla Brown,Career Planner,Career Planning,24 years,Singapore
Dr. Jack Walker,Career Counselor,Job Search,17 years,Melbourne
Dr. Karen Collins,Career Coach,Interview Preparation,20 years,Hong Kong
Dr. Liam Harris,Personal Development Coach,Stress Management,21 years,Manila
Dr. Mia Brown,Career Advisor,Goal Setting,26 years,Kyoto
Dr. Noah Johnson,Career Planner,Career Planning,14 years,Madrid
Dr. Olivia Walker,Career Counselor,Job Search,15 years,Toronto
Dr. Paul Brown,Career Coach,Interview Preparation,18 years,Boston
Dr. Quinn Harris,Personal Development Coach,Stress Management,23 years,New York
Dr. Rachel Johnson,Career Advisor,Goal Setting,20 years,London
Dr. Sam Walker,Career Planner,Career Planning,22 years,Paris
Dr. Tina Brown,Career Counselor,Job Search,12 years,Sydney
Dr. Uma Green,Career Coach,Interview Preparation,19 years,São Paulo
Dr. Victor Brown,Personal Development Coach,Stress Management,16 years,Shanghai
Dr. Wendy Johnson,Career Advisor,Goal Setting,21 years,Edinburgh
Dr. Xavier Walker,Career Planner,Career Planning,17 years,Milan
Dr. Yasmine Brown,Career Counselor,Job Search,14 years,Seoul
Dr. Zachary Harris,Career Coach,Interview Preparation,20 years,Dublin
Dr. Aisha Johnson,Personal Development Coach,Stress Management,19 years,Doha
Dr. Brian Walker,Career Advisor,Goal Setting,25 years,Cairo
Dr. Chloe Harris,Career Planner,Career Planning,22 years,Moscow
Dr. Derek Brown,Career Counselor,Job Search,16 years,Berlin
Dr. Elena Walker,Career Coach,Interview Preparation,21 years,Vancouver
Dr. Frank Harris,Personal Development Coach,Stress Management,18 years,San Diego
Dr. Grace Brown,Career Advisor,Goal Setting,20 years,Dallas
Dr. Henry Walker,Career Planner,Career Planning,24 years,Singapore
Dr. Isla Harris,Career Counselor,Job Search,15 years,Melbourne
Dr. Jack Brown,Career Coach,Interview Preparation,17 years,Hong Kong
Dr. Karen Walker,Personal Development Coach,Stress Management,19 years,Manila
Dr. Liam Harris,Career Advisor,Goal Setting,22 years,Kyoto
Dr. Mia Brown,Career Planner,Career Planning,26 years,Madrid
Dr. Noah Walker,Career Counselor,Job Search,14 years,Toronto
Dr. Olivia Harris,Career Coach,Interview Preparation,15 years,Boston
Dr. Paul Walker,Personal Development Coach,Stress Management,20 years,New York
Dr. Quinn Brown,Career Advisor,Goal Setting,23 years,London
Dr. Rachel Harris,Career Planner,Career Planning,19 years,Paris
Dr. Sam Brown,Career Counselor,Job Search,22 years,Sydney
Dr. Tina Walker,Career Coach,Interview Preparation,18 years,São Paulo
Dr. Uma Harris,Personal Development Coach,Stress Management,21 years,Shanghai
Dr. Victor Brown,Career Advisor,Goal Setting,16 years,Edinburgh
Dr. Wendy Harris,Career Planner,Career Planning,26 years,Milan
Dr. Xavier Brown,Career Counselor,Job Search,15 years,Seoul
Dr. Yasmine Walker,Career Coach,Interview Preparation,19 years,Dublin
Dr. Zachary Harris,Personal Development Coach,Stress Management,22 years,Doha
Dr. Aisha Walker,Career Advisor,Goal Setting,18 years,Cairo
Dr. Brian Harris,Career Planner,Career Planning,23 years,Moscow
Dr. Chloe Brown,Career Counselor,Job Search,14 years,Berlin
Dr. Derek Walker,Career Coach,Interview Preparation,16 years,Vancouver
Dr. Elena Harris,Personal Development Coach,Stress Management,19 years,San Diego
Dr. Frank Walker,Career Advisor,Goal Setting,25 years,Dallas
Dr. Grace Harris,Career Planner,Career Planning,20 years,Singapore
Dr. Henry Brown,Career Counselor,Job Search,18 years,Melbourne
Dr. Isla Walker,Career Coach,Interview Preparation,21 years,Hong Kong
Dr. Jack Harris,Personal Development Coach,Stress Management,17 years,Manila
Dr. Karen Brown,Career Advisor,Goal Setting,22 years,Kyoto
Dr. Liam Walker,Career Planner,Career Planning,24 years,Madrid
Dr. Mia Harris,Career Counselor,Job Search,13 years,Toronto
Dr. Noah Walker,Career Coach,Interview Preparation,18 years,Boston
Dr. Olivia Brown,Personal Development Coach,Stress Management,20 years,New York
Dr. Paul Walker,Career Advisor,Goal Setting,16 years,London
Dr. Quinn Harris,Career Planner,Career Planning,19 years,Paris
Dr. Rachel Walker,Career Counselor,Job Search,14 years,Sydney
Dr. Sam Harris,Career Coach,Interview Preparation,22 years,São Paulo
Dr. Tina Brown,Personal Development Coach,Stress Management,21 years,Shanghai
Dr. Uma Walker,Career Advisor,Goal Setting,17 years,Edinburgh
Dr. Victor Harris,Career Planner,Career Planning,25 years,Milan
Dr. Wendy Walker,Career Counselor,Job Search,15 years,Seoul
Dr. Xavier Harris,Career Coach,Interview Preparation,19 years,Dublin
Dr. Yasmine Walker,Personal Development Coach,Stress Management,20 years,Doha
Dr. Zachary Harris,Career Advisor,Goal Setting,23 years,Cairo
Dr. Aisha Brown,Career Planner,Career Planning,22 years,Moscow
Dr. Brian Walker,Career Counselor,Job Search,16 years,Berlin
Dr. Chloe Harris,Career Coach,Interview Preparation,21 years,Vancouver
Dr. Derek Brown,Personal Development Coach,Stress Management,17 years,San Diego
Dr. Elena Walker,Career Advisor,Goal Setting,25 years,Dallas
Dr. Frank Harris,Career Planner,Career Planning,18 years,Singapore
Dr. Grace Walker,Career Counselor,Job Search,20 years,Melbourne
Dr. Henry Harris,Career Coach,Interview Preparation,14 years,Hong Kong
Dr. Isla Brown,Personal Development Coach,Stress Management,19 years,Manila
Dr. Jack Walker,Career Advisor,Goal Setting,22 years,Kyoto
Dr. Karen Harris,Career Planner,Career Planning,26 years,Madrid
Dr. Liam Brown,Career Counselor,Job Search,21 years,Toronto
Dr. Mia Walker,Career Coach,Interview Preparation,17 years,Boston
Dr. Noah Harris,Personal Development Coach,Stress Management,20 years,New York
Dr. Olivia Walker,Career Advisor,Goal Setting,18 years,London
Dr. Paul Harris,Career Planner,Career Planning,23 years,Paris
Dr. Quinn Walker,Career Counselor,Job Search,16 years,Sydney
Dr. Rachel Harris,Career Coach,Interview Preparation,19 years,São Paulo
Dr. Sam Brown,Personal Development Coach,Stress Management,21 years,Shanghai
Dr. Tina Walker,Career Advisor,Goal Setting,25 years,Edinburgh
Dr. Uma Harris,Career Planner,Career Planning,20 years,Milan
Dr. Victor Walker,Career Counselor,Job Search,14 years,Seoul
Dr. Wendy Harris,Career Coach,Interview Preparation,18 years,Dublin
Dr. Xavier Brown,Personal Development Coach,Stress Management,22 years,Doha
Dr. Yasmine Walker,Career Advisor,Goal Setting,24 years,Cairo
Dr. Zachary Harris,Career Planner,Career Planning,17 years,Moscow
Dr. Aisha Walker,Career Counselor,Job Search,13 years,Berlin
Dr. Brian Brown,Career Coach,Interview Preparation,21 years,Vancouver
Dr. Chloe Harris,Personal Development Coach,Stress Management,18 years,San Diego
Dr. Derek Walker,Career Advisor,Goal Setting,19 years,Dallas
Dr. Elena Harris,Career Planner,Career Planning,22 years,Singapore
Dr. Frank Walker,Career Counselor,Job Search,25 years,Melbourne
Dr. Grace Brown,Career Coach,Interview Preparation,20 years,Hong Kong
Dr. Henry Walker,Personal Development Coach,Stress Management,15 years,Manila
Dr. Isla Harris,Career Advisor,Goal Setting,16 years,Kyoto
Dr. Jack Brown,Career Planner,Career Planning,21 years,Madrid
Dr. Karen Walker,Career Counselor,Job Search,24 years,Toronto
Dr. Liam Harris,Career Coach,Interview Preparation,17 years,Boston
Dr. Mia Walker,Personal Development Coach,Stress Management,19 years,New York
Dr. Noah Brown,Career Advisor,Goal Setting,22 years,London
Dr. Olivia Harris,Career Planner,Career Planning,26 years,Paris
Dr. Paul Walker,Career Counselor,Job Search,14 years,Sydney
Dr. Quinn Harris,Career Coach,Interview Preparation,20 years,São Paulo
Dr. Rachel Walker,Personal Development Coach,Stress Management,21 years,Shanghai
Dr. Sam Harris,Career Advisor,Goal Setting,23 years,Edinburgh
Dr. Tina Brown,Career Planner,Career Planning,18 years,Milan
Dr. Uma Walker,Career Counselor,Job Search,15 years,Seoul
Dr. Victor Harris,Career Coach,Interview Preparation,19 years,Dublin
Dr. Wendy Brown,Personal Development Coach,Stress Management,20 years,Doha
Dr. Xavier Walker,Career Advisor,Goal Setting,25 years,Cairo
Dr. Yasmine Harris,Career Planner,Career Planning,22 years,Moscow
Dr. Zachary Walker,Career Counselor,Job Search,16 years,Berlin
Dr. Aisha Harris,Career Coach,Interview Preparation,18 years,Vancouver
Dr. Brian Walker,Personal Development Coach,Stress Management,21 years,San Diego
Dr. Chloe Brown,Career Advisor,Goal Setting,24 years,Dallas
Dr. Derek Harris,Career Planner,Career Planning,19 years,Singapore
Dr. Elena Walker,Career Counselor,Job Search,20 years,Melbourne
Dr. Frank Brown,Career Coach,Interview Preparation,22 years,Hong Kong
Dr. Grace Walker,Personal Development Coach,Stress Management,17 years,Manila
Dr. Henry Harris,Career Advisor,Goal Setting,25 years,Kyoto
Dr. Isla Brown,Career Planner,Career Planning,21 years,Madrid
Dr. Jack Walker,Career Counselor,Job Search,14 years,Toronto
Dr. Karen Harris,Career Coach,Interview Preparation,16 years,Boston
Dr. Liam Walker,Personal Development Coach,Stress Management,20 years,New York
Dr. Mia Harris,Career Advisor,Goal Setting,18 years,London
Dr. Noah Walker,Career Planner,Career Planning,22 years,Paris
Dr. Olivia Brown,Career Counselor,Job Search,17 years,Sydney
Dr. Paul Harris,Career Coach,Interview Preparation,19 years,São Paulo
Dr. Quinn Walker,Personal Development Coach,Stress Management,21 years,Shanghai
Dr. Rachel Harris,Career Advisor,Goal Setting,23 years,Edinburgh
Dr. Sam Walker,Career Planner,Career Planning,18 years,Milan
Dr. Tina Harris,Career Counselor,Job Search,15 years,Seoul
Dr. Uma Brown,Career Coach,Interview Preparation,22 years,Dublin
Dr. Victor Walker,Personal Development Coach,Stress Management,19 years,Doha
Dr. Wendy Harris,Career Advisor,Goal Setting,26 years,Cairo
Dr. Xavier Brown,Career Planner,Career Planning,17 years,Moscow
Dr. Yasmine Walker,Career Counselor,Job Search,16 years,Berlin
Dr. Zachary Harris,Career Coach,Interview Preparation,20 years,Vancouver
Dr. Aisha Walker,Personal Development Coach,Stress Management,22 years,San Diego
Dr. Brian Harris,Career Advisor,Goal Setting,25 years,Dallas
Dr. Chloe Walker,Career Planner,Career Planning,21 years,Singapore
Dr. Derek Brown,Career Counselor,Job Search,19 years,Melbourne
Dr. Elena Walker,Career Coach,Interview Preparation,16 years,Hong Kong
Dr. Frank Harris,Personal Development Coach,Stress Management,18 years,Manila
Dr. Grace Walker,Career Advisor,Goal Setting,23 years,Kyoto
Dr. Henry Harris,Career Planner,Career Planning,22 years,Madrid
Dr. Isla Walker,Career Counselor,Job Search,20 years,Toronto
Dr. Jack Brown,Career Coach,Interview Preparation,14 years,Boston
Dr. Karen Walker,Personal Development Coach,Stress Management,19 years,New York
Dr. Liam Harris,Career Advisor,Goal Setting,21 years,London
Dr. Mia Walker,Career Planner,Career Planning,25 years,Paris
Dr. Noah Brown,Career Counselor,Job Search,17 years,Sydney
Dr. Olivia Harris,Career Coach,Interview Preparation,20 years,São Paulo
Dr. Paul Walker,Personal Development Coach,Stress Management,18 years,Shanghai
Dr. Quinn Harris,Career Advisor,Goal Setting,24 years,Edinburgh
Dr. Rachel Walker,Career Planner,Career Planning,22 years,Milan
Dr. Sam Brown,Career Counselor,Job Search,16 years,Seoul
Dr. Tina Walker,Career Coach,Interview Preparation,19 years,Dublin
Dr. Uma Harris,Personal Development Coach,Stress Management,20 years,Doha
Dr. Victor Brown,Career Advisor,Goal Setting,21 years,Cairo
Dr. Wendy Walker,Career Planner,Career Planning,26 years,Moscow
Dr. Xavier Harris,Career Counselor,Job Search,18 years,Berlin
Dr. Yasmine Walker,Career Coach,Interview Preparation,22 years,Vancouver
Dr. Zachary Brown,Personal Development Coach,Stress Management,14 years,San Diego
Dr. Aisha Harris,Career Advisor,Goal Setting,24 years,Dallas
Dr. Brian Walker,Career Planner,Career Planning,19 years,Singapore
Dr. Chloe Harris,Career Counselor,Job Search,20 years,Melbourne
Dr. Derek Brown,Career Coach,Interview Preparation,17 years,Hong Kong
Dr. Elena Walker,Personal Development Coach,Stress Management,18 years,Manila
Dr. Frank Harris,Career Advisor,Goal Setting,25 years,Kyoto
Dr. Grace Walker,Career Planner,Career Planning,21 years,Madrid
Dr. Henry Harris,Career Counselor,Job Search,14 years,Toronto
Dr. Isla Walker,Career Coach,Interview Preparation,16 years,Boston
Dr. Jack Brown,Personal Development Coach,Stress Management,20 years,New York
Dr. Karen Walker,Career Advisor,Goal Setting,19 years,London
Dr. Liam Harris,Career Planner,Career Planning,24 years,Paris
Dr. Mia Walker,Career Counselor,Job Search,22 years,Sydney
Dr. Noah Harris,Career Coach,Interview Preparation,18 years,São Paulo
Dr. Olivia Brown,Personal Development Coach,Stress Management,21 years,Shanghai
Dr. Paul Walker,Career Advisor,Goal Setting,23 years,Edinburgh
Dr. Quinn Harris,Career Planner,Career Planning,26 years,Milan
Dr. Rachel Walker,Career Counselor,Job Search,15 years,Seoul
Dr. Sam Harris,Career Coach,Interview Preparation,20 years,Dublin
Dr. Tina Brown,Personal Development Coach,Stress Management,22 years,Doha
Dr. Uma Walker,Career Advisor,Goal Setting,17 years,Cairo
Dr. Victor Harris,Career Planner,Career Planning,19 years,Moscow
Dr. Wendy Walker,Career Counselor,Job Search,16 years,Berlin
Dr. Xavier Harris,Career Coach,Interview Preparation,24 years,Vancouver
Dr. Yasmine Brown,Personal Development Coach,Stress Management,18 years,San Diego
Dr. Zachary Walker,Career Advisor,Goal Setting,21 years,Dallas
Dr. Aisha Harris,Career Planner,Career Planning,20 years,Singapore
Dr. Brian Walker,Career Counselor,Job Search,25 years,Melbourne
Dr. Chloe Harris,Career Coach,Interview Preparation,17 years,Hong Kong
Dr. Derek Brown,Personal Development Coach,Stress Management,19 years,Manila
Dr. Elena Walker,Career Advisor,Goal Setting,22 years,Kyoto
Dr. Frank Harris,Career Planner,Career Planning,24 years,Madrid
Dr. Grace Walker,Career Counselor,Job Search,21 years,Toronto
Dr. Henry Harris,Career Coach,Interview Preparation,15 years,Boston
Dr. Isla Walker,Personal Development Coach,Stress Management,20 years,New York
Dr. Jack Brown,Career Advisor,Goal Setting,18 years,London
Dr. Karen Walker,Career Planner,Career Planning,23 years,Paris
Dr. Liam Harris,Career Counselor,Job Search,16 years,Sydney
Dr. Mia Walker,Career Coach,Interview Preparation,20 years,São Paulo
Dr. Noah Harris,Personal Development Coach,Stress Management,14 years,Shanghai
Dr. Olivia Walker,Career Advisor,Goal Setting,21 years,Edinburgh
Dr. Paul Harris,Career Planner,Career Planning,26 years,Milan
Dr. Quinn Walker,Career Counselor,Job Search,17 years,Seoul
Dr. Rachel Harris,Career Coach,Interview Preparation,19 years,Dublin
Dr. Sam Walker,Personal Development Coach,Stress Management,22 years,Doha
Dr. Tina Harris,Career Advisor,Goal Setting,24 years,Cairo
Dr. Uma Brown,Career Planner,Career Planning,20 years,Moscow
Dr. Victor Harris,Career Counselor,Job Search,18 years,Berlin
Dr. Wendy Walker,Career Coach,Interview Preparation,21 years,Vancouver
Dr. Xavier Harris,Personal Development Coach,Stress Management,19 years,San Diego
Dr. Yasmine Walker,Career Advisor,Goal Setting,25 years,Dallas
Dr. Zachary Harris,Career Planner,Career Planning,16 years,Singapore
Dr. Aisha Walker,Career Counselor,Job Search,22 years,Melbourne
Dr. Brian Harris,Career Coach,Interview Preparation,17 years,Hong Kong
Dr. Chloe Brown,Personal Development Coach,Stress Management,14 years,Manila
Dr. Derek Walker,Career Advisor,Goal Setting,19 years,Kyoto
Dr. Elena Harris,Career Planner,Career Planning,21 years,Madrid
Dr. Frank Walker,Career Counselor,Job Search,20 years,Toronto
Dr. Grace Harris,Career Coach,Interview Preparation,18 years,Boston
Dr. Henry Walker,Personal Development Coach,Stress Management,22 years,New York
Dr. Isla Brown,Career Advisor,Goal Setting,25 years,London
Dr. Jack Harris,Career Planner,Career Planning,23 years,Paris
Dr. Karen Brown,Career Counselor,Job Search,15 years,Sydney
Dr. Liam Walker,Career Coach,Interview Preparation,20 years,São Paulo
Dr. Mia Harris,Personal Development Coach,Stress Management,17 years,Shanghai
Dr. Noah Walker,Career Advisor,Goal Setting,18 years,Edinburgh
Dr. Olivia Harris,Career Planner,Career Planning,19 years,Milan
Dr. Paul Walker,Career Counselor,Job Search,16 years,Seoul
Dr. Quinn Harris,Career Coach,Interview Preparation,21 years,Dublin
Dr. Rachel Walker,Personal Development Coach,Stress Management,22 years,Doha
Dr. Sam Harris,Career Advisor,Goal Setting,24 years,Cairo
Dr. Tina Brown,Career Planner,Career Planning,17 years,Moscow
Dr. Uma Harris,Career Counselor,Job Search,14 years,Berlin
Dr. Victor Walker,Career Coach,Interview Preparation,19 years,Vancouver
Dr. Wendy Harris,Personal Development Coach,Stress Management,23 years,San Diego
Dr. Xavier Brown,Career Advisor,Goal Setting,26 years,Dallas
Dr. Yasmine Walker,Career Planner,Career Planning,21 years,Singapore
Dr. Zachary Harris,Career Counselor,Job Search,20 years,Melbourne
Dr. Aisha Brown,Career Coach,Interview Preparation,18 years,Hong Kong
Dr. Brian Walker,Personal Development Coach,Stress Management,19 years,Manila
Dr. Chloe Harris,Career Advisor,Goal Setting,25 years,Kyoto
Dr. Derek Walker,Career Planner,Career Planning,20 years,Madrid
Dr. Elena Brown,Career Counselor,Job Search,17 years,Toronto
Dr. Frank Harris,Career Coach,Interview Preparation,21 years,Boston
Dr. Grace Walker,Personal Development Coach,Stress Management,14 years,New York
Dr. Henry Harris,Career Advisor,Goal Setting,22 years,London
Dr. Isla Walker,Career Planner,Career Planning,18 years,Paris
Dr. Jack Brown,Career Counselor,Job Search,20 years,Sydney
Dr. Karen Harris,Career Coach,Interview Preparation,16 years,São Paulo
Dr. Liam Walker,Personal Development Coach,Stress Management,19 years,Shanghai
Dr. Mia Harris,Career Advisor,Goal Setting,21 years,Edinburgh
Dr. Noah Walker,Career Planner,Career Planning,25 years,Milan
Dr. Olivia Brown,Career Counselor,Job Search,15 years,Seoul
Dr. Paul Harris,Career Coach,Interview Preparation,17 years,Dublin
Dr. Quinn Walker,Personal Development Coach,Stress Management,22 years,Doha
Dr. Rachel Harris,Career Advisor,Goal Setting,20 years,Cairo
Dr. Sam Walker,Career Planner,Career Planning,23 years,Moscow
Dr. Tina Harris,Career Counselor,Job Search,19 years,Berlin
Dr. Uma Brown,Career Coach,Interview Preparation,18 years,Vancouver
Dr. Victor Harris,Personal Development Coach,Stress Management,21 years,San Diego
Dr. Wendy Walker,Career Advisor,Goal Setting,16 years,Dallas
Dr. Xavier Harris,Career Planner,Career Planning,24 years,Singapore
Dr. Yasmine Walker,Career Counselor,Job Search,22 years,Melbourne
Dr. Zachary Harris,Career Coach,Interview Preparation,19 years,Hong Kong
Dr. Aisha Walker,Personal Development Coach,Stress Management,17 years,Manila
Dr. Brian Harris,Career Advisor,Goal Setting,21 years,Kyoto
Dr. Chloe Walker,Career Planner,Career Planning,25 years,Madrid
Dr. Derek Harris,Career Counselor,Job Search,14 years,Toronto
Dr. Elena Walker,Career Coach,Interview Preparation,20 years,Boston
Dr. Frank Harris,Personal Development Coach,Stress Management,18 years,New York
Dr. Grace Brown,Career Advisor,Goal Setting,19 years,London
Dr. Henry Walker,Career Planner,Career Planning,22 years,Paris
Dr. Isla Harris,Career Counselor,Job Search,17 years,Sydney
Dr. Jack Brown,Career Coach,Interview Preparation,21 years,São Paulo
Dr. Karen Walker,Personal Development Coach,Stress Management,23 years,Shanghai
Dr. Liam Harris,Career Advisor,Goal Setting,25 years,Edinburgh
Dr. Mia Walker,Career Planner,Career Planning,19 years,Milan
Dr. Noah Harris,Career Counselor,Job Search,16 years,Seoul
Dr. Olivia Walker,Career Coach,Interview Preparation,20 years,Dublin
Dr. Paul Harris,Personal Development Coach,Stress Management,14 years,Doha
Dr. Quinn Brown,Career Advisor,Goal Setting,18 years,Cairo
Dr. Rachel Walker,Career Planner,Career Planning,23 years,Moscow
Dr. Sam Harris,Career Counselor,Job Search,21 years,Berlin
Dr. Tina Walker,Career Coach,Interview Preparation,22 years,Vancouver
Dr. Uma Harris,Personal Development Coach,Stress Management,25 years,San Diego
Dr. Victor Walker,Career Advisor,Goal Setting,20 years,Dallas
Dr. Wendy Harris,Career Planner,Career Planning,17 years,Singapore
Dr. Xavier Brown,Career Counselor,Job Search,19 years,Melbourne
Dr. Yasmine Walker,Career Coach,Interview Preparation,14 years,Hong Kong
Dr. Zachary Harris,Personal Development Coach,Stress Management,18 years,Manila
Dr. Aisha Walker,Career Advisor,Goal Setting,24 years,Kyoto
Dr. Brian Harris,Career Planner,Career Planning,22 years,Madrid
Dr. Chloe Brown,Career Counselor,Job Search,21 years,Toronto
Dr. Derek Walker,Career Coach,Interview Preparation,17 years,Boston
Dr. Elena Harris,Personal Development Coach,Stress Management,20 years,New York
Dr. Frank Walker,Career Advisor,Goal Setting,26 years,London
Dr. Grace Harris,Career Planner,Career Planning,16 years,Paris
Dr. Henry Walker,Career Counselor,Job Search,18 years,Sydney
Dr. Isla Harris,Career Coach,Interview Preparation,23 years,São Paulo
Dr. Jack Walker,Personal Development Coach,Stress Management,21 years,Shanghai
Dr. Karen Harris,Career Advisor,Goal Setting,24 years,Edinburgh
Dr. Liam Brown,Career Planner,Career Planning,19 years,Milan
Dr. Mia Walker,Career Counselor,Job Search,22 years,Seoul
Dr. Noah Harris,Career Coach,Interview Preparation,14 years,Dublin
Dr. Olivia Walker,Personal Development Coach,Stress Management,20 years,Doha
Dr. Paul Harris,Career Advisor,Goal Setting,18 years,Cairo
Dr. Quinn Brown,Career Planner,Career Planning,25 years,Moscow
Dr. Rachel Walker,Career Counselor,Job Search,19 years,Berlin
Dr. Sam Harris,Career Coach,Interview Preparation,21 years,Vancouver
Dr. Tina Walker,Personal Development Coach,Stress Management,17 years,San Diego
Dr. Uma Harris,Career Advisor,Goal Setting,22 years,Dallas
Dr. Victor Walker,Career Planner,Career Planning,20 years,Singapore
Dr. Wendy Brown,Career Counselor,Job Search,14 years,Melbourne
Dr. Xavier Walker,Career Coach,Interview Preparation,18 years,Hong Kong
Dr. Yasmine Harris,Personal Development Coach,Stress Management,21 years,Manila
Dr. Zachary Walker,Career Advisor,Goal Setting,26 years,Kyoto
Dr. Aisha Harris,Career Planner,Career Planning,18 years,Madrid
Dr. Brian Walker,Career Counselor,Job Search,17 years,Toronto
Dr. Chloe Harris,Career Coach,Interview Preparation,21 years,Boston
Dr. Derek Walker,Personal Development Coach,Stress Management,24 years,New York
Dr. Elena Harris,Career Advisor,Goal Setting,16 years,London
Dr. Frank Walker,Career Planner,Career Planning,22 years,Paris
Dr. Grace Brown,Career Counselor,Job Search,20 years,Sydney
Dr. Henry Harris,Career Coach,Interview Preparation,17 years,São Paulo
Dr. Isla Walker,Personal Development Coach,Stress Management,25 years,Shanghai
Dr. Jack Brown,Career Advisor,Goal Setting,18 years,Edinburgh
Dr. Karen Walker,Career Planner,Career Planning,21 years,Milan
Dr. Liam Harris,Career Counselor,Job Search,15 years,Seoul
Dr. Mia Walker,Career Coach,Interview Preparation,19 years,Dublin
Dr. Noah Harris,Personal Development Coach,Stress Management,23 years,Doha
Dr. Olivia Walker,Career Advisor,Goal Setting,20 years,Cairo
Dr. Paul Harris,Career Planner,Career Planning,24 years,Moscow
Dr. Quinn Walker,Career Counselor,Job Search,22 years,Berlin
Dr. Rachel Harris,Career Coach,Interview Preparation,14 years,Vancouver
Dr. Sam Walker,Personal Development Coach,Stress Management,21 years,San Diego
Dr. Tina Harris,Career Advisor,Goal Setting,26 years,Dallas
Dr. Uma Brown,Career Planner,Career Planning,17 years,Singapore
Dr. Victor Harris,Career Counselor,Job Search,20 years,Melbourne
Dr. Wendy Walker,Career Coach,Interview Preparation,18 years,Hong Kong
Dr. Xavier Brown,Personal Development Coach,Stress Management,23 years,Manila
Dr. Yasmine Walker,Career Advisor,Goal Setting,25 years,Kyoto
Dr. Zachary Harris,Career Planner,Career Planning,19 years,Madrid
Dr. Aisha Walker,Career Counselor,Job Search,15 years,Toronto
Dr. Brian Harris,Career Coach,Interview Preparation,22 years,Boston
Dr. Chloe Walker,Personal Development Coach,Stress Management,18 years,New York
Dr. Derek Harris,Career Advisor,Goal Setting,24 years,London
Dr. Elena Walker,Career Planner,Career Planning,20 years,Paris
Dr. Frank Harris,Career Counselor,Job Search,21 years,Sydney
Dr. Grace Walker,Career Coach,Interview Preparation,17 years,São Paulo
Dr. Henry Brown,Personal Development Coach,Stress Management,16 years,Shanghai
Dr. Isla Walker,Career Advisor,Goal Setting,19 years,Edinburgh
Dr. Jack Harris,Career Planner,Career Planning,26 years,Milan
Dr. Karen Walker,Career Counselor,Job Search,18 years,Seoul
Dr. Liam Harris,Career Coach,Interview Preparation,14 years,Dublin
Dr. Mia Walker,Personal Development Coach,Stress Management,21 years,Doha
Dr. Noah Harris,Career Advisor,Goal Setting,25 years,Cairo
Dr. Olivia Walker,Career Planner,Career Planning,20 years,Moscow
Dr. Paul Harris,Career Counselor,Job Search,19 years,Berlin
Dr. Quinn Walker,Career Coach,Interview Preparation,22 years,Vancouver
Dr. Rachel Harris,Personal Development Coach,Stress Management,17 years,San Diego
Dr. Sam Walker,Career Advisor,Goal Setting,21 years,Dallas
Dr. Tina Brown,Career Planner,Career Planning,18 years,Singapore
Dr. Uma Walker,Career Counselor,Job Search,23 years,Melbourne
Dr. Victor Harris,Career Coach,Interview Preparation,20 years,Hong Kong
Dr. Wendy Brown,Personal Development Coach,Stress Management,16 years,Manila
Dr. Xavier Walker,Career Advisor,Goal Setting,25 years,Kyoto
Dr. Yasmine Harris,Career Planner,Career Planning,19 years,Madrid
Dr. Zachary Walker,Career Counselor,Job Search,15 years,Toronto
Dr. Aisha Harris,Career Coach,Interview Preparation,21 years,Boston
Dr. Brian Walker,Personal Development Coach,Stress Management,22 years,New York
Dr. Chloe Harris,Career Advisor,Goal Setting,18 years,London
Dr. Derek Walker,Career Planner,Career Planning,17 years,Paris
Dr. Elena Brown,Career Counselor,Job Search,19 years,Sydney
Dr. Frank Harris,Career Coach,Interview Preparation,23 years,São Paulo
Dr. Grace Walker,Personal Development Coach,Stress Management,24 years,Shanghai
Dr. Henry Harris,Career Advisor,Goal Setting,20 years,Edinburgh
Dr. Isla Walker,Career Planner,Career Planning,14 years,Milan
Dr. Jack Brown,Career Counselor,Job Search,22 years,Seoul
Dr. Karen Harris,Career Coach,Interview Preparation,16 years,Dublin
Dr. Liam Walker,Personal Development Coach,Stress Management,25 years,Doha
Dr. Mia Harris,Career Advisor,Goal Setting,18 years,Cairo
Dr. Noah Walker,Career Planner,Career Planning,21 years,Moscow
Dr. Olivia Harris,Career Counselor,Job Search,15 years,Berlin
Dr. Paul Walker,Career Coach,Interview Preparation,20 years,Vancouver
Dr. Quinn Harris,Personal Development Coach,Stress Management,18 years,San Diego
Dr. Rachel Walker,Career Advisor,Goal Setting,19 years,Dallas
Dr. Sam Harris,Career Planner,Career Planning,23 years,Singapore
Dr. Tina Walker,Career Counselor,Job Search,20 years,Melbourne
Dr. Uma Harris,Career Coach,Interview Preparation,14 years,Hong Kong
Dr. Victor Walker,Personal Development Coach,Stress Management,16 years,Manila
Dr. Wendy Harris,Career Advisor,Goal Setting,21 years,Kyoto
Dr. Xavier Brown,Career Planner,Career Planning,24 years,Madrid
Dr. Yasmine Walker,Career Counselor,Job Search,19 years,Toronto
Dr. Zachary Harris,Career Coach,Interview Preparation,25 years,Boston
Dr. Aisha Walker,Personal Development Coach,Stress Management,22 years,New York
Dr. Brian Harris,Career Advisor,Goal Setting,18 years,London
Dr. Chloe Brown,Career Planner,Career Planning,20 years,Paris
Dr. Derek Walker,Career Counselor,Job Search,17 years,Sydney
Dr. Elena Harris,Career Coach,Interview Preparation,21 years,São Paulo
Dr. Frank Walker,Personal Development Coach,Stress Management,19 years,Shanghai
Dr. Grace Harris,Career Advisor,Goal Setting,24 years,Edinburgh
Dr. Henry Walker,Career Planner,Career Planning,26 years,Milan
Dr. Isla Harris,Career Counselor,Job Search,22 years,Seoul
Dr. Jack Walker,Career Coach,Interview Preparation,20 years,Dublin
Dr. Karen Harris,Personal Development Coach,Stress Management,17 years,Doha
Dr. Liam Walker,Career Advisor,Goal Setting,23 years,Cairo
Dr. Mia Brown,Career Planner,Career Planning,18 years,Moscow
Dr. Noah Walker,Career Counselor,Job Search,15 years,Berlin
Dr. Olivia Harris,Career Coach,Interview Preparation,21 years,Vancouver
Dr. Paul Walker,Personal Development Coach,Stress Management,25 years,San Diego
Dr. Quinn Harris,Career Advisor,Goal Setting,20 years,Dallas
Dr. Rachel Walker,Career Planner,Career Planning,16 years,Singapore
Dr. Sam Harris,Career Counselor,Job Search,19 years,Melbourne
Dr. Tina Walker,Career Coach,Interview Preparation,22 years,Hong Kong
Dr. Uma Harris,Personal Development Coach,Stress Management,17 years,Manila
Dr. Victor Walker,Career Advisor,Goal Setting,21 years,Kyoto
Dr. Wendy Harris,Career Planner,Career Planning,24 years,Madrid
Dr. Xavier Walker,Career Counselor,Job Search,14 years,Toronto
Dr. Yasmine Harris,Career Coach,Interview Preparation,20 years,Boston
Dr. Zachary Brown,Personal Development Coach,Stress Management,19 years,New York
Dr. Aisha Harris,Career Advisor,Goal Setting,26 years,London
Dr. Brian Walker,Career Planner,Career Planning,18 years,Paris
Dr. Chloe Harris,Career Counselor,Job Search,15 years,Sydney
Dr. Derek Brown,Career Coach,Interview Preparation,19 years,São Paulo
Dr. Elena Walker,Personal Development Coach,Stress Management,21 years,Shanghai
Dr. Frank Harris,Career Advisor,Goal Setting,25 years,Edinburgh
Dr. Grace Walker,Career Planner,Career Planning,22 years,Milan
Dr. Henry Harris,Career Counselor,Job Search,20 years,Seoul
Dr. Isla Brown,Career Coach,Interview Preparation,17 years,Dublin
Dr. Jack Walker,Personal Development Coach,Stress Management,24 years,Doha
Dr. Karen Harris,Career Advisor,Goal Setting,18 years,Cairo
Dr. Liam Walker,Career Planner,Career Planning,25 years,Moscow
Dr. Mia Harris,Career Counselor,Job Search,16 years,Berlin
Dr. Noah Walker,Career Coach,Interview Preparation,14 years,Vancouver
Dr. Olivia Harris,Personal Development Coach,Stress Management,20 years,San Diego
Dr. Paul Walker,Career Advisor,Goal Setting,23 years,Dallas
Dr. Quinn Harris,Career Planner,Career Planning,21 years,Singapore
Dr. Rachel Walker,Career Counselor,Job Search,19 years,Melbourne
Dr. Sam Harris,Career Coach,Interview Preparation,15 years,Hong Kong
Dr. Tina Walker,Personal Development Coach,Stress Management,18 years,Manila
Dr. Uma Harris,Career Advisor,Goal Setting,20 years,Kyoto
Dr. Victor Walker,Career Planner,Career Planning,24 years,Madrid
Dr. Wendy Harris,Career Counselor,Job Search,22 years,Toronto
Dr. Xavier Walker,Career Coach,Interview Preparation,21 years,Boston
Dr. Yasmine Harris,Personal Development Coach,Stress Management,16 years,New York
Dr. Zachary Walker,Career Advisor,Goal Setting,23 years,London
Dr. Aisha Harris,Career Planner,Career Planning,19 years,Paris
Dr. Brian Walker,Career Counselor,Job Search,17 years,Sydney
Dr. Chloe Harris,Career Coach,Interview Preparation,22 years,São Paulo
Dr. Derek Walker,Personal Development Coach,Stress Management,18 years,Shanghai
Dr. Elena Harris,Career Advisor,Goal Setting,25 years,Edinburgh
Dr. Frank Walker,Career Planner,Career Planning,21 years,Milan
Dr. Grace Harris,Career Counselor,Job Search,20 years,Seoul
Dr. Henry Walker,Career Coach,Interview Preparation,18 years,Dublin
Dr. Isla Harris,Personal Development Coach,Stress Management,14 years,Doha
Dr. Jack Brown,Career Advisor,Goal Setting,24 years,Cairo
Dr. Karen Walker,Career Planner,Career Planning,23 years,Moscow
Dr. Liam Harris,Career Counselor,Job Search,19 years,Berlin
Dr. Mia Walker,Career Coach,Interview Preparation,17 years,Vancouver
Dr. Noah Harris,Personal Development Coach,Stress Management,22 years,San Diego
Dr. Olivia Walker,Career Advisor,Goal Setting,26 years,Dallas
Dr. Paul Harris,Career Planner,Career Planning,18 years,Singapore
Dr. Quinn Walker,Career Counselor,Job Search,16 years,Melbourne
Dr. Rachel Harris,Career Coach,Interview Preparation,21 years,Hong Kong
Dr. Sam Walker,Personal Development Coach,Stress Management,20 years,Manila
Dr. Tina Harris,Career Advisor,Goal Setting,19 years,Kyoto
Dr. Uma Walker,Career Planner,Career Planning,24 years,Madrid
Dr. Victor Harris,Career Counselor,Job Search,17 years,Toronto
Dr. Wendy Walker,Career Coach,Interview Preparation,22 years,Boston
Dr. Xavier Harris,Personal Development Coach,Stress Management,25 years,New York
Dr. Yasmine Brown,Career Advisor,Goal Setting,18 years,London
Dr. Zachary Walker,Career Planner,Career Planning,19 years,Paris
Dr. Aisha Harris,Career Counselor,Job Search,15 years,Sydney
Dr. Brian Walker,Career Coach,Interview Preparation,18 years,São Paulo
Dr. Chloe Harris,Personal Development Coach,Stress Management,21 years,Shanghai
Dr. Derek Walker,Career Advisor,Goal Setting,25 years,Edinburgh
Dr. Elena Harris,Career Planner,Career Planning,22 years,Milan
Dr. Frank Walker,Career Counselor,Job Search,20 years,Seoul
Dr. Grace Harris,Career Coach,Interview Preparation,14 years,Dublin
Dr. Henry Walker,Personal Development Coach,Stress Management,23 years,Doha
Dr. Isla Brown,Career Advisor,Goal Setting,24 years,Cairo
Dr. Jack Walker,Career Planner,Career Planning,21 years,Moscow
Dr. Karen Harris,Career Counselor,Job Search,19 years,Berlin
Dr. Liam Walker,Career Coach,Interview Preparation,18 years,Vancouver
Dr. Mia Harris,Personal Development Coach,Stress Management,20 years,San Diego
Dr. Noah Walker,Career Advisor,Goal Setting,22 years,Dallas
Dr. Olivia Harris,Career Planner,Career Planning,25 years,Singapore
Dr. Paul Walker,Career Counselor,Job Search,17 years,Melbourne
Dr. Quinn Harris,Career Coach,Interview Preparation,22 years,Hong Kong
Dr. Rachel Walker,Personal Development Coach,Stress Management,18 years,Manila
Dr. Sam Harris,Career Advisor,Goal Setting,19 years,Kyoto
Dr. Tina Walker,Career Planner,Career Planning,24 years,Madrid
Dr. Uma Harris,Career Counselor,Job Search,20 years,Toronto
Dr. Victor Walker,Career Coach,Interview Preparation,21 years,Boston
Dr. Wendy Harris,Personal Development Coach,Stress Management,14 years,New York
Dr. Xavier Walker,Career Advisor,Goal Setting,23 years,London
Dr. Yasmine Harris,Career Planner,Career Planning,18 years,Paris
Dr. Zachary Brown,Career Counselor,Job Search,19 years,Sydney
Dr. Aisha Walker,Career Coach,Interview Preparation,17 years,São Paulo
Dr. Brian Harris,Personal Development Coach,Stress Management,22 years,Shanghai
Dr. Chloe Brown,Career Advisor,Goal Setting,21 years,Edinburgh
Dr. Derek Walker,Career Planner,Career Planning,25 years,Milan
Dr. Elena Harris,Career Counselor,Job Search,15 years,Seoul
Dr. Frank Walker,Career Coach,Interview Preparation,18 years,Dublin
Dr. Grace Harris,Personal Development Coach,Stress Management,20 years,Doha
Dr. Henry Walker,Career Advisor,Goal Setting,24 years,Cairo
Dr. Isla Brown,Career Planner,Career Planning,19 years,Moscow
Dr. Jack Walker,Career Counselor,Job Search,14 years,Berlin
Dr. Karen Harris,Career Coach,Interview Preparation,21 years,Vancouver
Dr. Liam Walker,Personal Development Coach,Stress Management,16 years,San Diego
Dr. Mia Harris,Career Advisor,Goal Setting,23 years,Dallas
Dr. Noah Walker,Career Planner,Career Planning,20 years,Singapore
Dr. Olivia Harris,Career Counselor,Job Search,17 years,Melbourne
Dr. Paul Walker,Career Coach,Interview Preparation,22 years,Hong Kong
Dr. Quinn Harris,Personal Development Coach,Stress Management,25 years,Manila
Dr. Rachel Walker,Career Advisor,Goal Setting,18 years,Kyoto
Dr. Sam Harris,Career Planner,Career Planning,24 years,Madrid
Dr. Tina Walker,Career Counselor,Job Search,20 years,Toronto
Dr. Uma Harris,Career Coach,Interview Preparation,19 years,Boston
Dr. Victor Walker,Personal Development Coach,Stress Management,22 years,New York
Dr. Wendy Harris,Career Advisor,Goal Setting,26 years,London
Dr. Xavier Brown,Career Planner,Career Planning,16 years,Paris
Dr. Yasmine Walker,Career Counselor,Job Search,17 years,Sydney
Dr. Zachary Harris,Career Coach,Interview Preparation,19 years,São Paulo
Dr. Aisha Walker,Personal Development Coach,Stress Management,20 years,Shanghai
Dr. Brian Harris,Career Advisor,Goal Setting,21 years,Edinburgh
Dr. Chloe Walker,Career Planner,Career Planning,24 years,Milan
Dr. Derek Harris,Career Counselor,Job Search,22 years,Seoul
Dr. Elena Walker,Career Coach,Interview Preparation,18 years,Dublin
Dr. Frank Harris,Personal Development Coach,Stress Management,14 years,Doha
Dr. Grace Walker,Career Advisor,Goal Setting,25 years,Cairo
Dr. Henry Harris,Career Planner,Career Planning,19 years,Moscow
Dr. Isla Walker,Career Counselor,Job Search,16 years,Berlin
Dr. Jack Brown,Career Coach,Interview Preparation,23 years,Vancouver
Dr. Karen Walker,Personal Development Coach,Stress Management,21 years,San Diego
Dr. Liam Harris,Career Advisor,Goal Setting,18 years,Dallas
Dr. Mia Walker,Career Planner,Career Planning,22 years,Singapore
Dr. Noah Harris,Career Counselor,Job Search,15 years,Melbourne
Dr. Olivia Walker,Career Coach,Interview Preparation,19 years,Hong Kong
Dr. Paul Harris,Personal Development Coach,Stress Management,25 years,Manila
Dr. Quinn Walker,Career Advisor,Goal Setting,20 years,Kyoto
Dr. Rachel Harris,Career Planner,Career Planning,21 years,Madrid
Dr. Sam Walker,Career Counselor,Job Search,17 years,Toronto
Dr. Tina Harris,Career Coach,Interview Preparation,14 years,Boston
Dr. Uma Walker,Personal Development Coach,Stress Management,23 years,New York
Dr. Victor Harris,Career Advisor,Goal Setting,19 years,London
Dr. Wendy Walker,Career Planner,Career Planning,22 years,Paris
Dr. Xavier Brown,Career Counselor,Job Search,21 years,Sydney
Dr. Yasmine Harris,Career Coach,Interview Preparation,18 years,São Paulo
Dr. Zachary Walker,Personal Development Coach,Stress Management,24 years,Shanghai
Dr. Aisha Harris,Career Advisor,Goal Setting,26 years,Edinburgh
Dr. Brian Walker,Career Planner,Career Planning,18 years,Milan
Dr. Chloe Harris,Career Counselor,Job Search,16 years,Seoul
Dr. Derek Brown,Career Coach,Interview Preparation,20 years,Dublin
Dr. Elena Walker,Personal Development Coach,Stress Management,19 years,Doha
Dr. Frank Harris,Career Advisor,Goal Setting,23 years,Cairo
Dr. Grace Walker,Career Planner,Career Planning,24 years,Moscow
Dr. Henry Harris,Career Counselor,Job Search,14 years,Berlin
Dr. Isla Walker,Career Coach,Interview Preparation,21 years,Vancouver
Dr. Jack Harris,Personal Development Coach,Stress Management,18 years,San Diego
Dr. Karen Walker,Career Advisor,Goal Setting,25 years,Dallas
Dr. Liam Harris,Career Planner,Career Planning,20 years,Singapore
Dr. Mia Walker,Career Counselor,Job Search,17 years,Melbourne
Dr. Noah Harris,Career Coach,Interview Preparation,22 years,Hong Kong
Dr. Olivia Walker,Personal Development Coach,Stress Management,19 years,Manila
Dr. Paul Harris,Career Advisor,Goal Setting,18 years,Kyoto
Dr. Quinn Walker,Career Planner,Career Planning,24 years,Madrid
Dr. Rachel Harris,Career Counselor,Job Search,21 years,Toronto
Dr. Sam Walker,Career Coach,Interview Preparation,15 years,Boston
Dr. Tina Harris,Personal Development Coach,Stress Management,20 years,New York
Dr. Uma Walker,Career Advisor,Goal Setting,22 years,London
Dr. Victor Harris,Career Planner,Career Planning,19 years,Paris
Dr. Wendy Walker,Career Counselor,Job Search,18 years,Sydney
Dr. Xavier Brown,Career Coach,Interview Preparation,23 years,São Paulo
Dr. Yasmine Harris,Personal Development Coach,Stress Management,21 years,Shanghai
Dr. Zachary Walker,Career Advisor,Goal Setting,25 years,Edinburgh
Dr. Aisha Harris,Career Planner,Career Planning,14 years,Milan
Dr. Brian Walker,Career Counselor,Job Search,22 years,Seoul
Dr. Chloe Harris,Career Coach,Interview Preparation,19 years,Dublin
Dr. Derek Walker,Personal Development Coach,Stress Management,17 years,Doha
Dr. Elena Harris,Career Advisor,Goal Setting,21 years,Cairo
Dr. Frank Walker,Career Planner,Career Planning,18 years,Moscow
Dr. Grace Harris,Career Counselor,Job Search,20 years,Berlin
Dr. Henry Walker,Career Coach,Interview Preparation,21 years,Vancouver
Dr. Isla Harris,Personal Development Coach,Stress Management,26 years,San Diego
Dr. Jack Walker,Career Advisor,Goal Setting,17 years,Dallas
Dr. Karen Harris,Career Planner,Career Planning,19 years,Singapore
Dr. Liam Walker,Career Counselor,Job Search,25 years,Melbourne
Dr. Mia Harris,Career Coach,Interview Preparation,14 years,Hong Kong
Dr. Noah Walker,Personal Development Coach,Stress Management,20 years,Manila
Dr. Olivia Harris,Career Advisor,Goal Setting,24 years,Kyoto
Dr. Paul Walker,Career Planner,Career Planning,16 years,Madrid
Dr. Quinn Harris,Career Counselor,Job Search,18 years,Toronto
Dr. Rachel Walker,Career Coach,Interview Preparation,20 years,Boston
Dr. Sam Harris,Personal Development Coach,Stress Management,22 years,New York
Dr. Tina Walker,Career Advisor,Goal Setting,25 years,London
Dr. Uma Harris,Career Planner,Career Planning,19 years,Paris
Dr. Victor Walker,Career Counselor,Job Search,17 years,Sydney
Dr. Wendy Harris,Career Coach,Interview Preparation,18 years,São Paulo
Dr. Xavier Walker,Personal Development Coach,Stress Management,23 years,Shanghai
Dr. Yasmine Harris,Career Advisor,Goal Setting,21 years,Edinburgh
Dr. Zachary Walker,Career Planner,Career Planning,24 years,Milan
Dr. Aisha Brown,Career Counselor,Job Search,20 years,Seoul
Dr. Brian Harris,Career Coach,Interview Preparation,17 years,Dublin
Dr. Chloe Walker,Personal Development Coach,Stress Management,22 years,Doha
Dr. Derek Harris,Career Advisor,Goal Setting,18 years,Cairo
Dr. Elena Walker,Career Planner,Career Planning,19 years,Moscow
Dr. Frank Harris,Career Counselor,Job Search,25 years,Berlin
Dr. Grace Walker,Career Coach,Interview Preparation,14 years,Vancouver
Dr. Henry Harris,Personal Development Coach,Stress Management,21 years,San Diego
Dr. Isla Walker,Career Advisor,Goal Setting,23 years,Dallas
Dr. Jack Harris,Career Planner,Career Planning,20 years,Singapore
Dr. Karen Walker,Career Counselor,Job Search,16 years,Melbourne
Dr. Liam Harris,Career Coach,Interview Preparation,19 years,Hong Kong
Dr. Mia Walker,Personal Development Coach,Stress Management,24 years,Manila
Dr. Noah Harris,Career Advisor,Goal Setting,18 years,Kyoto
Dr. Olivia Walker,Career Planner,Career Planning,21 years,Madrid
Dr. Paul Harris,Career Counselor,Job Search,17 years,Toronto
Dr. Quinn Walker,Career Coach,Interview Preparation,22 years,Boston
Dr. Rachel Harris,Personal Development Coach,Stress Management,25 years,New York
Dr. Sam Walker,Career Advisor,Goal Setting,19 years,London
Dr. Tina Harris,Career Planner,Career Planning,16 years,Paris
Dr. Uma Walker,Career Counselor,Job Search,20 years,Sydney
Dr. Victor Harris,Career Coach,Interview Preparation,18 years,São Paulo
Dr. Wendy Walker,Personal Development Coach,Stress Management,21 years,Shanghai
Dr. Xavier Harris,Career Advisor,Goal Setting,24 years,Edinburgh
Dr. Yasmine Walker,Career Planner,Career Planning,23 years,Milan
Dr. Zachary Harris,Career Counselor,Job Search,15 years,Seoul
Dr. Aisha Walker,Career Coach,Interview Preparation,19 years,Dublin
Dr. Brian Harris,Personal Development Coach,Stress Management,20 years,Doha
Dr. Chloe Walker,Career Advisor,Goal Setting,26 years,Cairo
Dr. Derek Harris,Career Planner,Career Planning,18 years,Moscow
Dr. Elena Walker,Career Counselor,Job Search,16 years,Berlin
Dr. Frank Harris,Career Coach,Interview Preparation,21 years,Vancouver
Dr. Grace Walker,Personal Development Coach,Stress Management,19 years,San Diego
Dr. Henry Harris,Career Advisor,Goal Setting,23 years,Dallas
Dr. Isla Walker,Career Planner,Career Planning,20 years,Singapore
Dr. Jack Harris,Career Counselor,Job Search,22 years,Melbourne
Dr. Karen Walker,Career Coach,Interview Preparation,14 years,Hong Kong
Dr. Liam Harris,Personal Development Coach,Stress Management,24 years,Manila
Dr. Mia Walker,Career Advisor,Goal Setting,19 years,Kyoto
Dr. Noah Harris,Career Planner,Career Planning,25 years,Madrid
Dr. Olivia Walker,Career Counselor,Job Search,18 years,Toronto
Dr. Paul Harris,Career Coach,Interview Preparation,17 years,Boston
Dr. Quinn Walker,Personal Development Coach,Stress Management,21 years,New York
Dr. Rachel Harris,Career Advisor,Goal Setting,18 years,London
Dr. Sam Walker,Career Planner,Career Planning,23 years,Paris
Dr. Tina Harris,Career Counselor,Job Search,25 years,Sydney
Dr. Uma Walker,Career Coach,Interview Preparation,14 years,São Paulo
Dr. Victor Harris,Personal Development Coach,Stress Management,22 years,Shanghai
Dr. Wendy Walker,Career Advisor,Goal Setting,20 years,Edinburgh
Dr. Xavier Harris,Career Planner,Career Planning,19 years,Milan
Dr. Yasmine Walker,Career Counselor,Job Search,18 years,Seoul
Dr. Zachary Harris,Career Coach,Interview Preparation,24 years,Dublin
Dr. Aisha Walker,Personal Development Coach,Stress Management,17 years,Doha
Dr. Brian Harris,Career Advisor,Goal Setting,21 years,Cairo
Dr. Chloe Walker,Career Planner,Career Planning,22 years,Moscow
Dr. Derek Harris,Career Counselor,Job Search,16 years,Berlin
Dr. Elena Walker,Career Coach,Interview Preparation,21 years,Vancouver
Dr. Frank Harris,Personal Development Coach,Stress Management,19 years,San Diego
Dr. Grace Walker,Career Advisor,Goal Setting,23 years,Dallas
Dr. Henry Harris,Career Planner,Career Planning,25 years,Singapore
Dr. Isla Walker,Career Counselor,Job Search,14 years,Melbourne
Dr. Jack Harris,Career Coach,Interview Preparation,17 years,Hong Kong
Dr. Karen Walker,Personal Development Coach,Stress Management,24 years,Manila
Dr. Liam Harris,Career Advisor,Goal Setting,18 years,Kyoto
Dr. Mia Walker,Career Planner,Career Planning,20 years,Madrid
Dr. Noah Harris,Career Counselor,Job Search,19 years,Toronto
Dr. Olivia Walker,Career Coach,Interview Preparation,22 years,Boston
Dr. Paul Harris,Personal Development Coach,Stress Management,25 years,New York
Dr. Quinn Walker,Career Advisor,Goal Setting,16 years,London
Dr. Rachel Harris,Career Planner,Career Planning,21 years,Paris
Dr. Sam Walker,Career Counselor,Job Search,18 years,Sydney
Dr. Tina Harris,Career Coach,Interview Preparation,19 years,São Paulo
Dr. Uma Walker,Personal Development Coach,Stress Management,23 years,Shanghai
Dr. Victor Harris,Career Advisor,Goal Setting,20 years,Edinburgh
Dr. Wendy Walker,Career Planner,Career Planning,19 years,Milan
Dr. Xavier Harris,Career Counselor,Job Search,25 years,Seoul
Dr. Yasmine Walker,Career Coach,Interview Preparation,18 years,Dublin
Dr. Zachary Harris,Personal Development Coach,Stress Management,21 years,Doha
Dr. Aisha Walker,Career Advisor,Goal Setting,22 years,Cairo
Dr. Brian Harris,Career Planner,Career Planning,16 years,Moscow
Dr. Chloe Walker,Career Counselor,Job Search,19 years,Berlin
Dr. Derek Harris,Career Coach,Interview Preparation,24 years,Vancouver
Dr. Elena Walker,Personal Development Coach,Stress Management,23 years,San Diego
Dr. Frank Harris,Career Advisor,Goal Setting,20 years,Dallas
Dr. Grace Walker,Career Planner,Career Planning,18 years,Singapore
Dr. Henry Harris,Career Counselor,Job Search,22 years,Melbourne
Dr. Isla Walker,Career Coach,Interview Preparation,15 years,Hong Kong
Dr. Jack Harris,Personal Development Coach,Stress Management,21 years,Manila
Dr. Karen Walker,Career Advisor,Goal Setting,24 years,Kyoto
Dr. Liam Harris,Career Planner,Career Planning,19 years,Madrid
Dr. Mia Walker,Career Counselor,Job Search,16 years,Toronto
Dr. Noah Harris,Career Coach,Interview Preparation,20 years,Boston
Dr. Olivia Walker,Personal Development Coach,Stress Management,25 years,New York
Mr. Rahul Verma,Trainer,Time Management,15 years,Bangalore
Ms. Swati Roy,Trainer,Stress Management,10 years,Pune
Dr. Arvind Patel,Coach,Goal Setting,18 years,Chennai
Ms. Ritu Kapoor,Coach,Confidence Building,20 years,Kolkata
Mr. Vivek Desai,Trainer,Communication Skills,12 years,Jaipur
Ms. Priya Reddy,Consultant,Career Skills,8 years,Mumbai
Mr. Sandeep Malhotra,Coach,Job Search,22 years,Gurgaon
Ms. Meera Iyer,Trainer,Interview Preparation,14 years,Bangalore
Dr. Ravi Chandra,Consultant,Career Planning,17 years,Hyderabad
Mr. Anil Tiwari,Coach,Resume Building,9 years,Noida
Ms. Kavita Sharma,Consultant,Networking Skills,11 years,Chennai
Dr. Nisha Bhargava,Professor,Mathematics,25 years,Mumbai
Dr. Sunita Deshmukh,Professor,Science,30 years,Nagpur
Dr. Rajesh Aggarwal,Professor,Literature,22 years,Delhi
Dr. Meenakshi Rao,Professor,History,28 years,Kolkata
Dr. Anil Kumar,Professor,Computer Science,27 years,Bangalore
Ms. Aishwarya Nair,Trainer,Time Management,6 years,Delhi
Mr. Harsh Mehta,Coach,Stress Management,16 years,Mumbai
Dr. Karan Malhotra,Coach,Goal Setting,14 years,Pune
Ms. Sneha Das,Trainer,Confidence Building,11 years,Bangalore
Mr. Vinay Sharma,Coach,Communication Skills,13 years,Hyderabad
Ms. Komal Gupta,Consultant,Career Skills,9 years,Chennai
Mr. Aniket Rao,Trainer,Job Search,18 years,Kolkata
Ms. Pooja Joshi,Trainer,Interview Preparation,12 years,Ahmedabad
Dr. Mukesh Khanna,Consultant,Career Planning,20 years,Nagpur
Mr. Anuj Singhal,Coach,Resume Building,10 years,Jaipur
Ms. Shruti Kaur,Consultant,Networking Skills,7 years,Delhi
Dr. Ananya Sen,Professor,Mathematics,21 years,Bangalore
Dr. Suresh Patil,Professor,Science,26 years,Pune
Dr. Neeraj Singh,Professor,Literature,24 years,Hyderabad
Dr. Alka Jain,Professor,History,29 years,Mumbai
Dr. Varun Shah,Professor,Computer Science,19 years,Chennai
Ms. Divya Bhatt,Trainer,Time Management,7 years,Delhi
Mr. Rohan Desai,Coach,Stress Management,12 years,Mumbai
Dr. Manish Patel,Coach,Goal Setting,17 years,Pune
Ms. Neha Reddy,Trainer,Confidence Building,13 years,Bangalore
Mr. Rajat Sharma,Coach,Communication Skills,15 years,Hyderabad
Ms. Priyanka Gupta,Consultant,Career Skills,10 years,Chennai
Mr. Amit Rao,Trainer,Job Search,20 years,Kolkata
Ms. Nisha Joshi,Trainer,Interview Preparation,16 years,Ahmedabad
Dr. Tarun Khanna,Consultant,Career Planning,19 years,Nagpur
Mr. Gaurav Singhal,Coach,Resume Building,11 years,Jaipur
Ms. Akriti Kaur,Consultant,Networking Skills,9 years,Delhi
Dr. Meera Sen,Professor,Mathematics,22 years,Bangalore
Dr. Vikram Patil,Professor,Science,28 years,Pune
Dr. Nandini Singh,Professor,Literature,23 years,Hyderabad
Dr. Ritu Jain,Professor,History,27 years,Mumbai
Dr. Sameer Shah,Professor,Computer Science,18 years,Chennai
Ms. Tanya Bhatt,Trainer,Time Management,8 years,Delhi
Mr. Raj Desai,Coach,Stress Management,14 years,Mumbai
Dr. Vijay Patel,Coach,Goal Setting,19 years,Pune
Ms. Sonia Reddy,Trainer,Confidence Building,15 years,Bangalore
Mr. Rakesh Sharma,Coach,Communication Skills,16 years,Hyderabad
Ms. Shalini Gupta,Consultant,Career Skills,11 years,Chennai
Mr. Prakash Rao,Trainer,Job Search,21 years,Kolkata
Ms. Jyoti Joshi,Trainer,Interview Preparation,17 years,Ahmedabad
Dr. Ashish Khanna,Consultant,Career Planning,18 years,Nagpur
Mr. Abhishek Singhal,Coach,Resume Building,12 years,Jaipur
Ms. Pooja Kaur,Consultant,Networking Skills,8 years,Delhi
Dr. Rekha Sen,Professor,Mathematics,23 years,Bangalore
Dr. Anil Patil,Professor,Science,29 years,Pune
Dr. Kavita Singh,Professor,Literature,25 years,Hyderabad
Dr. Smita Jain,Professor,History,30 years,Mumbai
Dr. Rakesh Shah,Professor,Computer Science,20 years,Chennai
Ms. Radhika Bhatt,Trainer,Time Management,9 years,Delhi
Mr. Aditya Desai,Coach,Stress Management,15 years,Mumbai
Dr. Arvind Patel,Coach,Goal Setting,20 years,Pune
Ms. Roshni Reddy,Trainer,Confidence Building,16 years,Bangalore
Mr. Manish Sharma,Coach,Communication Skills,17 years,Hyderabad
Ms. Ananya Gupta,Consultant,Career Skills,12 years,Chennai
Mr. Suresh Rao,Trainer,Job Search,22 years,Kolkata
Ms. Meena Joshi,Trainer,Interview Preparation,18 years,Ahmedabad
Dr. Ajay Khanna,Consultant,Career Planning,21 years,Nagpur
Mr. Rahul Singhal,Coach,Resume Building,13 years,Jaipur
Ms. Shreya Kaur,Consultant,Networking Skills,10 years,Delhi
Dr. Priya Sen,Professor,Mathematics,24 years,Bangalore
Dr. Sandeep Patil,Professor,Science,30 years,Pune
Dr. Nitin Singh,Professor,Literature,26 years,Hyderabad
Dr. Meera Jain,Professor,History,31 years,Mumbai
Dr. Karan Shah,Professor,Computer Science,21 years,Chennai
Ms. Sakshi Bhatt,Trainer,Time Management,10 years,Delhi
Mr. Abhinav Desai,Coach,Stress Management,16 years,Mumbai
Dr. Tarun Patel,Coach,Goal Setting,21 years,Pune
Ms. Kavya Reddy,Trainer,Confidence Building,17 years,Bangalore
Mr. Rishi Sharma,Coach,Communication Skills,18 years,Hyderabad
Ms. Ishita Gupta,Consultant,Career Skills,13 years,Chennai
Mr. Vinod Rao,Trainer,Job Search,23 years,Kolkata
Ms. Preeti Joshi,Trainer,Interview Preparation,19 years,Ahmedabad
Dr. Nitin Khanna,Consultant,Career Planning,22 years,Nagpur
Mr. Amit Singhal,Coach,Resume Building,14 years,Jaipur
Ms. Megha Kaur,Consultant,Networking Skills,11 years,Delhi
Dr. Anil Sen,Professor,Mathematics,25 years,Bangalore
Dr. Raj Patil,Professor,Science,31 years,Pune
Dr. Alok Singh,Professor,Literature,27 years,Hyderabad
Dr. Renu Jain,Professor,History,32 years,Mumbai
Dr. Vivek Shah,Professor,Computer Science,22 years,Chennai
Ms. Neha Bhatt,Trainer,Time Management,11 years,Delhi
Mr. Aman Desai,Coach,Stress Management,17 years,Mumbai
Dr. Rakesh Patel,Coach,Goal Setting,22 years,Pune
Ms. Riya Reddy,Trainer,Confidence Building,18 years,Bangalore
Mr. Kunal Sharma,Coach,Communication Skills,19 years,Hyderabad
Ms. Shruti Gupta,Consultant,Career Skills,14 years,Chennai
Mr. Sunil Rao,Trainer,Job Search,24 years,Kolkata
Ms. Asha Joshi,Trainer,Interview Preparation,20 years,Ahmedabad
Dr. Deepak Khanna,Consultant,Career Planning,23 years,Nagpur
Mr. Akshay Singhal,Coach,Resume Building,15 years,Jaipur
Ms. Reema Kaur,Consultant,Networking Skills,12 years,Delhi
Dr. Sunil Sen,Professor,Mathematics,26 years,Bangalore
Dr. Priya Patil,Professor,Science,32 years,Pune
Dr. Rahul Singh,Professor,Literature,28 years,Hyderabad
Dr. Sushma Jain,Professor,History,33 years,Mumbai
Dr. Nitin Shah,Professor,Computer Science,23 years,Chennai
Ms. Shraddha Bhatt,Trainer,Time Management,12 years,Delhi
Mr. Rajiv Desai,Coach,Stress Management,18 years,Mumbai
Dr. Vijay Patel,Coach,Goal Setting,23 years,Pune
Ms. Arpita Reddy,Trainer,Confidence Building,19 years,Bangalore
Mr. Nikhil Sharma,Coach,Communication Skills,20 years,Hyderabad
Ms. Poonam Gupta,Consultant,Career Skills,15 years,Chennai
Mr. Rajesh Rao,Trainer,Job Search,25 years,Kolkata
Ms. Nidhi Joshi,Trainer,Interview Preparation,21 years,Ahmedabad
Dr. Sanjay Khanna,Consultant,Career Planning,24 years,Nagpur
Mr. Gaurav Singhal,Coach,Resume Building,16 years,Jaipur
Ms. Divya Kaur,Consultant,Networking Skills,13 years,Delhi
Dr. Manoj Sen,Professor,Mathematics,27 years,Bangalore
Dr. Nandita Patil,Professor,Science,33 years,Pune
Dr. Rakesh Singh,Professor,Literature,29 years,Hyderabad
Dr. Anita Jain,Professor,History,34 years,Mumbai
Dr. Pankaj Shah,Professor,Computer Science,24 years,Chennai
Ms. Alka Bhatt,Trainer,Time Management,13 years,Delhi
Mr. Sachin Desai,Coach,Stress Management,19 years,Mumbai
Dr. Ramesh Patel,Coach,Goal Setting,24 years,Pune
Ms. Ruchika Reddy,Trainer,Confidence Building,20 years,Bangalore
Mr. Arjun Sharma,Coach,Communication Skills,21 years,Hyderabad
Ms. Smita Gupta,Consultant,Career Skills,16 years,Chennai
Mr. Rohit Rao,Trainer,Job Search,26 years,Kolkata
Ms. Kriti Joshi,Trainer,Interview Preparation,22 years,Ahmedabad
Dr. Vikash Khanna,Consultant,Career Planning,25 years,Nagpur
Mr. Arvind Singhal,Coach,Resume Building,17 years,Jaipur
Ms. Naina Kaur,Consultant,Networking Skills,14 years,Delhi
Dr. Dinesh Sen,Professor,Mathematics,28 years,Bangalore
Dr. Suman Patil,Professor,Science,34 years,Pune
Dr. Varun Singh,Professor,Literature,30 years,Hyderabad
Dr. Kavita Jain,Professor,History,35 years,Mumbai
Dr. Mohan Shah,Professor,Computer Science,25 years,Chennai
Ms. Geeta Bhatt,Trainer,Time Management,14 years,Delhi
Mr. Yogesh Desai,Coach,Stress Management,20 years,Mumbai
Dr. Ajay Patel,Coach,Goal Setting,25 years,Pune
Ms. Pallavi Reddy,Trainer,Confidence Building,21 years,Bangalore
Mr. Nishant Sharma,Coach,Communication Skills,22 years,Hyderabad
Ms. Rachna Gupta,Consultant,Career Skills,17 years,Chennai
Mr. Shyam Rao,Trainer,Job Search,27 years,Kolkata
Ms. Anjali Joshi,Trainer,Interview Preparation,23 years,Ahmedabad
Dr. Vinod Khanna,Consultant,Career Planning,26 years,Nagpur
Mr. Mukul Singhal,Coach,Resume Building,18 years,Jaipur
Ms. Bhavna Kaur,Consultant,Networking Skills,15 years,Delhi
Dr. Rajiv Sen,Professor,Mathematics,29 years,Bangalore
Dr. Neha Patil,Professor,Science,35 years,Pune
Dr. Rajesh Singh,Professor,Literature,31 years,Hyderabad
Dr. Jyoti Jain,Professor,History,36 years,Mumbai
Dr. Suresh Shah,Professor,Computer Science,26 years,Chennai
Ms. Alisha Bhatt,Trainer,Time Management,15 years,Delhi
Mr. Anil Desai,Coach,Stress Management,21 years,Mumbai
Dr. Gopal Patel,Coach,Goal Setting,26 years,Pune
Ms. Supriya Reddy,Trainer,Confidence Building,22 years,Bangalore
Mr. Umesh Sharma,Coach,Communication Skills,23 years,Hyderabad
Ms. Roshni Gupta,Consultant,Career Skills,18 years,Chennai
Mr. Tejas Rao,Trainer,Job Search,28 years,Kolkata
Ms. Malini Joshi,Trainer,Interview Preparation,24 years,Ahmedabad
Dr. Mohit Khanna,Consultant,Career Planning,27 years,Nagpur
Mr. Ritesh Singhal,Coach,Resume Building,19 years,Jaipur
Ms. Seema Kaur,Consultant,Networking Skills,16 years,Delhi
Dr. Shyam Sen,Professor,Mathematics,30 years,Bangalore
Dr. Neelam Patil,Professor,Science,36 years,Pune
Dr. Alok Singh,Professor,Literature,32 years,Hyderabad
Dr. Savita Jain,Professor,History,37 years,Mumbai
Dr. Vikas Shah,Professor,Computer Science,27 years,Chennai
Ms. Kirti Bhatt,Trainer,Time Management,16 years,Delhi
Mr. Arun Desai,Coach,Stress Management,22 years,Mumbai
Dr. Sanjay Patel,Coach,Goal Setting,27 years,Pune
Ms. Pallavi Reddy,Trainer,Confidence Building,23 years,Bangalore
Mr. Rakesh Sharma,Coach,Communication Skills,24 years,Hyderabad
Ms. Varsha Gupta,Consultant,Career Skills,19 years,Chennai
Mr. Shashank Rao,Trainer,Job Search,29 years,Kolkata
Ms. Arpita Joshi,Trainer,Interview Preparation,25 years,Ahmedabad
Dr. Prakash Khanna,Consultant,Career Planning,28 years,Nagpur
Mr. Himanshu Singhal,Coach,Resume Building,20 years,Jaipur
Ms. Tanya Kaur,Consultant,Networking Skills,17 years,Delhi
Dr. Umesh Sen,Professor,Mathematics,31 years,Bangalore
Dr. Lata Patil,Professor,Science,37 years,Pune
Dr. Rajeev Singh,Professor,Literature,33 years,Hyderabad
Dr. Smriti Jain,Professor,History,38 years,Mumbai
Dr. Nikhil Shah,Professor,Computer Science,28 years,Chennai
Ms. Richa Bhatt,Trainer,Time Management,17 years,Delhi
Mr. Nitin Desai,Coach,Stress Management,23 years,Mumbai
Dr. Sandeep Patel,Coach,Goal Setting,28 years,Pune
Ms. Anjali Reddy,Trainer,Confidence Building,24 years,Bangalore
Mr. Ashish Sharma,Coach,Communication Skills,25 years,Hyderabad
Ms. Anu Gupta,Consultant,Career Skills,20 years,Chennai
Mr. Ravi Rao,Trainer,Job Search,30 years,Kolkata
Ms. Kavita Joshi,Trainer,Interview Preparation,26 years,Ahmedabad
Dr. Ramesh Khanna,Consultant,Career Planning,29 years,Nagpur
Mr. Amit Singhal,Coach,Resume Building,21 years,Jaipur
Ms. Shweta Kaur,Consultant,Networking Skills,18 years,Delhi
Dr. Praveen Sen,Professor,Mathematics,32 years,Bangalore
Dr. Rekha Patil,Professor,Science,38 years,Pune
Dr. Mohit Singh,Professor,Literature,34 years,Hyderabad
Dr. Anjali Jain,Professor,History,39 years,Mumbai
Dr. Vikas Shah,Professor,Computer Science,29 years,Chennai
Ms. Anita Bhatt,Trainer,Time Management,18 years,Delhi
Mr. Sanjay Desai,Coach,Stress Management,24 years,Mumbai
Dr. Mahesh Patel,Coach,Goal Setting,29 years,Pune
Ms. Meera Reddy,Trainer,Confidence Building,25 years,Bangalore
Mr. Ajay Sharma,Coach,Communication Skills,26 years,Hyderabad
Ms. Shalini Gupta,Consultant,Career Skills,21 years,Chennai
Mr. Pranav Rao,Trainer,Job Search,31 years,Kolkata
Ms. Sunita Joshi,Trainer,Interview Preparation,27 years,Ahmedabad
Dr. Vishal Khanna,Consultant,Career Planning,30 years,Nagpur
Mr. Deepak Singhal,Coach,Resume Building,22 years,Jaipur
Ms. Namrata Kaur,Consultant,Networking Skills,19 years,Delhi
Dr. Arvind Sen,Professor,Mathematics,33 years,Bangalore
Dr. Seema Patil,Professor,Science,39 years,Pune
Dr. Harish Singh,Professor,Literature,35 years,Hyderabad
Dr. Savita Jain,Professor,History,40 years,Mumbai
Dr. Anil Shah,Professor,Computer Science,30 years,Chennai
Ms. Ritu Bhatt,Trainer,Time Management,19 years,Delhi
Mr. Rajiv Desai,Coach,Stress Management,25 years,Mumbai
Dr. Vijay Patel,Coach,Goal Setting,30 years,Pune
Ms. Anita Reddy,Trainer,Confidence Building,26 years,Bangalore
Mr. Rohit Sharma,Coach,Communication Skills,27 years,Hyderabad
Ms. Pooja Gupta,Consultant,Career Skills,22 years,Chennai
Mr. Rajesh Rao,Trainer,Job Search,32 years,Kolkata
Ms. Nandini Joshi,Trainer,Interview Preparation,28 years,Ahmedabad
Dr. Sanjay Khanna,Consultant,Career Planning,31 years,Nagpur
Mr. Nilesh Singhal,Coach,Resume Building,23 years,Jaipur
Mr. Rahul Verma,Trainer,Time Management,15 years,Bangalore
Ms. Swati Roy,Trainer,Stress Management,10 years,Pune
Dr. Arvind Patel,Coach,Goal Setting,18 years,Chennai
Ms. Ritu Kapoor,Coach,Confidence Building,20 years,Kolkata
Mr. Vivek Desai,Trainer,Communication Skills,12 years,Jaipur
Ms. Priya Reddy,Consultant,Career Skills,8 years,Mumbai
Mr. Sandeep Malhotra,Coach,Job Search,22 years,Gurgaon
Ms. Meera Iyer,Trainer,Interview Preparation,14 years,Bangalore
Dr. Ravi Chandra,Consultant,Career Planning,17 years,Hyderabad
Mr. Anil Tiwari,Coach,Resume Building,9 years,Noida
Ms. Kavita Sharma,Consultant,Networking Skills,11 years,Chennai
Dr. Nisha Bhargava,Professor,Mathematics,25 years,Mumbai
Dr. Sunita Deshmukh,Professor,Science,30 years,Nagpur
Dr. Rajesh Aggarwal,Professor,Literature,22 years,Delhi
Dr. Meenakshi Rao,Professor,History,28 years,Kolkata
Dr. Anil Kumar,Professor,Computer Science,27 years,Bangalore
Ms. Aishwarya Nair,Trainer,Time Management,6 years,Delhi
Mr. Harsh Mehta,Coach,Stress Management,16 years,Mumbai
Dr. Karan Malhotra,Coach,Goal Setting,14 years,Pune
Ms. Sneha Das,Trainer,Confidence Building,11 years,Bangalore
Mr. Vinay Sharma,Coach,Communication Skills,13 years,Hyderabad
Ms. Komal Gupta,Consultant,Career Skills,9 years,Chennai
Mr. Aniket Rao,Trainer,Job Search,18 years,Kolkata
Ms. Pooja Joshi,Trainer,Interview Preparation,12 years,Ahmedabad
Dr. Mukesh Khanna,Consultant,Career Planning,20 years,Nagpur
Mr. Anuj Singhal,Coach,Resume Building,10 years,Jaipur
Ms. Shruti Kaur,Consultant,Networking Skills,7 years,Delhi
Dr. Ananya Sen,Professor,Mathematics,21 years,Bangalore
Dr. Suresh Patil,Professor,Science,26 years,Pune
Dr. Neeraj Singh,Professor,Literature,24 years,Hyderabad
Dr. Alka Jain,Professor,History,29 years,Mumbai
Dr. Varun Shah,Professor,Computer Science,19 years,Chennai
Ms. Divya Bhatt,Trainer,Time Management,7 years,Delhi
Mr. Rohan Desai,Coach,Stress Management,12 years,Mumbai
Dr. Manish Patel,Coach,Goal Setting,17 years,Pune
Ms. Neha Reddy,Trainer,Confidence Building,13 years,Bangalore
Mr. Rajat Sharma,Coach,Communication Skills,15 years,Hyderabad
Ms. Priyanka Gupta,Consultant,Career Skills,10 years,Chennai
Mr. Amit Rao,Trainer,Job Search,20 years,Kolkata
Ms. Nisha Joshi,Trainer,Interview Preparation,16 years,Ahmedabad
Dr. Tarun Khanna,Consultant,Career Planning,19 years,Nagpur
Mr. Gaurav Singhal,Coach,Resume Building,11 years,Jaipur
Ms. Akriti Kaur,Consultant,Networking Skills,9 years,Delhi
Dr. Meera Sen,Professor,Mathematics,22 years,Bangalore
Dr. Vikram Patil,Professor,Science,28 years,Pune
Dr. Nandini Singh,Professor,Literature,23 years,Hyderabad
Dr. Ritu Jain,Professor,History,27 years,Mumbai
Dr. Sameer Shah,Professor,Computer Science,18 years,Chennai
Ms. Tanya Bhatt,Trainer,Time Management,8 years,Delhi
Mr. Raj Desai,Coach,Stress Management,14 years,Mumbai
Dr. Vijay Patel,Coach,Goal Setting,19 years,Pune
Ms. Sonia Reddy,Trainer,Confidence Building,15 years,Bangalore
Mr. Rakesh Sharma,Coach,Communication Skills,16 years,Hyderabad
Ms. Shalini Gupta,Consultant,Career Skills,11 years,Chennai
Mr. Prakash Rao,Trainer,Job Search,21 years,Kolkata
Ms. Jyoti Joshi,Trainer,Interview Preparation,17 years,Ahmedabad
Dr. Ashish Khanna,Consultant,Career Planning,18 years,Nagpur
Mr. Abhishek Singhal,Coach,Resume Building,12 years,Jaipur
Ms. Pooja Kaur,Consultant,Networking Skills,8 years,Delhi
Dr. Rekha Sen,Professor,Mathematics,23 years,Bangalore
Dr. Anil Patil,Professor,Science,29 years,Pune
Dr. Kavita Singh,Professor,Literature,25 years,Hyderabad
Dr. Smita Jain,Professor,History,30 years,Mumbai
Dr. Rakesh Shah,Professor,Computer Science,20 years,Chennai
Ms. Radhika Bhatt,Trainer,Time Management,9 years,Delhi
Mr. Abhinav Desai,Coach,Stress Management,15 years,Mumbai
Dr. Tarun Patel,Coach,Goal Setting,21 years,Pune
Ms. Kavya Reddy,Trainer,Confidence Building,17 years,Bangalore
Mr. Manish Sharma,Coach,Communication Skills,17 years,Hyderabad
Ms. Ananya Gupta,Consultant,Career Skills,12 years,Chennai
Mr. Vinod Rao,Trainer,Job Search,23 years,Kolkata
Ms. Preeti Joshi,Trainer,Interview Preparation,19 years,Ahmedabad
Dr. Ajay Khanna,Consultant,Career Planning,21 years,Nagpur
Mr. Rahul Singhal,Coach,Resume Building,13 years,Jaipur
Ms. Shreya Kaur,Consultant,Networking Skills,10 years,Delhi
Dr. Priya Sen,Professor,Mathematics,24 years,Bangalore
Dr. Sandeep Patil,Professor,Science,30 years,Pune
Dr. Nitin Singh,Professor,Literature,26 years,Hyderabad
Dr. Meera Jain,Professor,History,31 years,Mumbai
Dr. Karan Shah,Professor,Computer Science,21 years,Chennai
Ms. Sakshi Bhatt,Trainer,Time Management,10 years,Delhi
Mr. Aman Desai,Coach,Stress Management,16 years,Mumbai
Dr. Rakesh Patel,Coach,Goal Setting,22 years,Pune
Ms. Riya Reddy,Trainer,Confidence Building,18 years,Bangalore
Mr. Kunal Sharma,Coach,Communication Skills,19 years,Hyderabad
Ms. Shruti Gupta,Consultant,Career Skills,13 years,Chennai
Mr. Sunil Rao,Trainer,Job Search,24 years,Kolkata
Ms. Asha Joshi,Trainer,Interview Preparation,20 years,Ahmedabad
Dr. Deepak Khanna,Consultant,Career Planning,23 years,Nagpur
Mr. Akshay Singhal,Coach,Resume Building,15 years,Jaipur
Ms. Reema Kaur,Consultant,Networking Skills,12 years,Delhi
Dr. Sunil Sen,Professor,Mathematics,25 years,Bangalore
Dr. Priya Patil,Professor,Science,31 years,Pune
Dr. Rahul Singh,Professor,Literature,27 years,Hyderabad
Dr. Sushma Jain,Professor,History,32 years,Mumbai
Dr. Nitin Shah,Professor,Computer Science,22 years,Chennai
Ms. Shraddha Bhatt,Trainer,Time Management,11 years,Delhi
Mr. Rajiv Desai,Coach,Stress Management,17 years,Mumbai
Dr. Vijay Patel,Coach,Goal Setting,23 years,Pune
Ms. Arpita Reddy,Trainer,Confidence Building,19 years,Bangalore
Mr. Nikhil Sharma,Coach,Communication Skills,20 years,Hyderabad
Ms. Poonam Gupta,Consultant,Career Skills,15 years,Chennai
Mr. Rajesh Rao,Trainer,Job Search,25 years,Kolkata
Ms. Nidhi Joshi,Trainer,Interview Preparation,21 years,Ahmedabad
Dr. Sanjay Khanna,Consultant,Career Planning,24 years,Nagpur
Mr. Gaurav Singhal,Coach,Resume Building,16 years,Jaipur
Ms. Divya Kaur,Consultant,Networking Skills,13 years,Delhi
Dr. Manoj Sen,Professor,Mathematics,26 years,Bangalore
Dr. Nandita Patil,Professor,Science,32 years,Pune
Dr. Rakesh Singh,Professor,Literature,28 years,Hyderabad
Dr. Anita Jain,Professor,History,33 years,Mumbai
Dr. Pankaj Shah,Professor,Computer Science,23 years,Chennai
Ms. Alka Bhatt,Trainer,Time Management,12 years,Delhi
Mr. Sachin Desai,Coach,Stress Management,18 years,Mumbai
Dr. Ramesh Patel,Coach,Goal Setting,24 years,Pune
Ms. Ruchika Reddy,Trainer,Confidence Building,20 years,Bangalore
Mr. Arjun Sharma,Coach,Communication Skills,21 years